,street,code,district
0,улица Егора Абакумова,0317,Ярославский район
1,улица Талалихина,0107;0510,
2,улица Талалихина,0711,район Южное Бутово
3,Абельмановская улица,0107,Таганский район
4,Абрамцевская улица,0306,район Лианозово
5,переулок Сивцев Вражек,0101;0109,
6,Авиамоторная улица,0507,район Лефортово
7,улица Авиаторов,1111,поселение Щербинка
8,улица Авиаторов,0816,район Солнцево
9,Азовская улица,0703,район Зюзино
10,Большая Академическая улица,0205;0210;0215,
11,Филипповский переулок,0101,район Арбат
12,Алтайская улица,0406,район Гольяново
13,Алтуфьевское шоссе,0302;0304;0306;0311,
14,улица Амундсена,0313,район Свиблово
15,Анадырский проезд,0303;0307,
16,Ангарская улица,0208;0209,
17,проспект Андропова,0515;0609;0613;0614,
18,улица Арбат,0101,район Арбат
19,улица Артамонова,0819,район Фили-Давыдково
20,Астраханский переулок,0104;0105,
21,Аэродромная улица,0908,район Южное Тушино
22,Бабаевская улица,0418,район Сокольники
23,улица Ивана Бабушкина,0701,Академический район
24,Байкальская улица,0406,район Гольяново
25,Бакинская улица,0618,район Царицыно
26,Балаклавский проспект,0615;0619;0703,
27,1-й Балтийский переулок,0201,район Аэропорт
28,улица Барклая,0805;0818,
29,Новая Басманная улица,0102;0104,
30,Бауманская улица,0102,Басманный район
31,Татарская улица,0103,район Замоскворечье
32,Башиловская улица,0213,Савёловский район
33,Беговая улица,0202;0217,
34,улица Демьяна Бедного,0906,район Хорошёво-Мнёвники
35,Белореченская улица,0508;0509,
36,Бережковская набережная,0805,район Дорогомилово
37,улица Берзарина,0906;0907,
38,Бескудниковский бульвар,0203;0206;0208,
39,улица Бестужевых,0311,район Отрадное
40,Бибиревская улица,0302;0304,
41,улица Маршала Бирюзова,0907,район Щукино
42,Бойцовая улица,0403,район Богородское
43,Болотниковская улица,0615;0703;0710,
44,Коктебельская улица,0708,район Северное Бутово
45,Ботаническая улица,0308;0310,
46,1-й Боткинский проезд,0202,район Беговой
47,улица Академика Бочвара,0907,район Щукино
48,улица Бочкова,0310,Останкинский район
49,2-я Брестская улица,0106;0108,
50,Бригадирский переулок,0102,Басманный район
51,Большая Бронная улица,0106;0108,
52,Малая Бронная улица,0106,Пресненский район
53,Будайская улица,0312,район Ростокино
54,проспект Будённого,0417,район Соколиная Гора
55,Булатниковская улица,0607,район Бирюлёво Западное
56,улица Бутлерова,0704,район Коньково
57,Бутырская улица,0213;0215;0305,
58,улица Вавилова,0610;0701;0702;0706,
59,Нахимовский проспект,0615;0701;0703;0705;0706;0710,
60,Валовая улица,0103,район Замоскворечье
61,Варсонофьевский переулок,0105,Мещанский район
62,Варшавское шоссе,0610;0613;0615;0619;0620;0621;0708;0711;1111,
63,улица Маршала Василевского,0907,район Щукино
64,Васильевская улица,0106;0108,
65,Велозаводская улица,0515;0609,
66,Вельяминовская улица,0417,район Соколиная Гора
67,проспект Вернадского,0702;0706;0814;0815;0817,
68,улица Кравченко,0706;0814,
69,Верхняя улица,1102,поселение Воскресенское
70,Верхняя улица,1106,поселение Московский
71,Верхняя улица,1206,поселение Новофедоровское
72,Верхняя улица,1207,поселение Первомайское
73,Верхняя улица,0202,район Беговой
74,Весковский переулок,0108,Тверской район
75,Глазовский переулок,0101;0109,
76,улица Вешних Вод,0317,Ярославский район
77,Вешняковская улица,0404,район Вешняки
78,улица Вилиса Лациса,0904,район Северное Тушино
79,1-я Владимирская улица,0413,район Перово
80,2-я Владимирская улица,0411;0413,
81,3-я Владимирская улица,0413,район Перово
82,улица Архитектора Власова,0706;0707;0710,
83,улица Академика Волгина,0704;0707,
84,Волгоградский проспект,0107;0504;0506;0510;0511;0514;0515,
85,Ферганская улица,0504,район Выхино-Жулебино
86,Волоколамское шоссе,0214;0902;0903;0907,
87,улица Волхонка,0109,район Хамовники
88,Воронежская улица,0617,район Орехово-Борисово Южное
89,Воронцовская улица,0107,Таганский район
90,Воротниковский переулок,0108,Тверской район
91,Кудринская площадь,0106,Пресненский район
92,улица 8 Марта,0201;0213,
93,улица 8 Марта,0711,район Южное Бутово
94,улица 8 Марта,0813,район Внуково
95,улица 8 Марта,0409,район Косино-Ухтомский
96,2-й Вышеславцев переулок,0309,район Марьина Роща
97,улица Бориса Галушкина,0301,Алексеевский район
98,улица Гастелло,0418,район Сокольники
99,Гвардейская улица,0809,Можайский район
100,улица Героев Панфиловцев,0904,район Северное Тушино
101,Большая Никитская улица,0101;0106;0108,
102,улица Гиляровского,0105,Мещанский район
103,Глебовская улица,0403,район Богородское
104,Большой Гнездниковский переулок,0106;0108,
105,Малый Гнездниковский переулок,0106;0108,
106,Гоголевский бульвар,0101;0109,
107,улица Маршала Голованова,0509,район Марьино
108,Городецкая улица,0412,район Новокосино
109,Тверская улица,0108,Тверской район
110,1-я Тверская-Ямская улица,0108,Тверской район
111,улица Госпитальный Вал,0102;0507,
112,улица Чаянова,0108,Тверской район
113,Кутузовский проспект,0805;0819,
114,Большая Грузинская улица,0106;0108,
115,улица Грузинский Вал,0106;0108,
116,Грузинский переулок,0106,Пресненский район
117,Гурьевский проезд,0617,район Орехово-Борисово Южное
118,Даев переулок,0104,Красносельский район
119,улица 26-ти Бакинских Комиссаров,0817,район Тропарёво-Никулино
120,улица Девятая Рота,0415,район Преображенское
121,проезд Дежнёва,0316,район Южное Медведково
122,улица Мусы Джалиля,0611,район Зябликово
123,улица Большая Лубянка,0104;0105,
124,улица Большая Якиманка,0110,район Якиманка
125,Дмитровское шоссе,0203;0206;0208;0209;0215;0306;0315,
126,Днепропетровская улица,0619;0620,
127,улица Коровий Вал,0103;0110,
128,улица Доватора,0109,район Хамовники
129,улица Докукина,0312,район Ростокино
130,Домодедовская улица,0616;0617,
131,Большая Дорогомиловская улица,0805,район Дорогомилово
132,Дубнинская улица,0203;0206;0208,
133,Дубосековская улица,0214,район Сокол
134,1-я Дубровская улица,0107;0515,
135,улица Дудинка,0317,Ярославский район
136,улица Дурова,0105,Мещанский район
137,улица Дыбенко,0216,район Ховрино
138,Енисейская улица,0303;0313,
139,улица Генерала Ермолова,0805,район Дорогомилово
140,Большой Каретный переулок,0108,Тверской район
141,улица Жебрунова,0418,район Сокольники
142,бульвар Матроса Железняка,0210,район Коптево
143,улица Бориса Жигулёнкова,0417,район Соколиная Гора
144,Житная улица,0110,район Якиманка
145,проспект Маршала Жукова,0906,район Хорошёво-Мнёвники
146,улица Жуковского,0102,Басманный район
147,Заревый проезд,0314,район Северное Медведково
148,улица Зацепский Вал,0103,район Замоскворечье
149,Зеленодольская улица,0506;0513,
150,Зелёный проспект,0407;0411;0413,
151,Зубовский бульвар,0109,район Хамовники
152,улица Ибрагимова,0417,район Соколиная Гора
153,Измайловский бульвар,0405;0408,
154,Изумрудная улица,1102,поселение Воскресенское
155,Изумрудная улица,1206,поселение Новофедоровское
156,Изумрудная улица,1207,поселение Первомайское
157,Изумрудная улица,0307,Лосиноостровский район
158,улица Исаковского,0905,район Строгино
159,2-я Кабельная улица,0507,район Лефортово
160,Кавказский бульвар,0618,район Царицыно
161,улица Казакова,0102,Басманный район
162,улица Новый Арбат,0101,район Арбат
163,Долгоруковская улица,0108,Тверской район
164,улица Большие Каменщики,0107,Таганский район
165,Пролетарский проспект,0612;0618,
166,Кантемировская улица,0612;0618;0615,
167,Кантемировская улица,1206,поселение Новофедоровское
168,Кантемировская улица,1105,поселение Марушкинское
169,Старая Басманная улица,0102,Басманный район
170,Кастанаевская улица,0818;0819,
171,улица Каховка,0703;0710,
172,Малая Никитская улица,0106,Пресненский район
173,Каширское шоссе,0612;0613;0616;0617,
174,Керченская улица,0703,район Зюзино
175,улица Кибальчича,0301,Алексеевский район
176,Киевская улица,0805,район Дорогомилово
177,Киевская улица,1101,поселение Внуковское
178,Киевская улица,1202,поселение Киевский
179,Киевская улица,1106,поселение Московский
180,Мясницкая улица,0102;0104,
181,Кировоградская улица,0619;0620;0621,
182,Рождественский бульвар,0105,Мещанский район
183,Кожевническая улица,0103;0609,
184,5-я Кожуховская улица,0515;0609,
185,Малый Козихинский переулок,0106,Пресненский район
186,Большой Козловский переулок,0102,Басманный район
187,2-й Колобовский переулок,0108,Тверской район
188,Коломенская улица,0614,район Нагатинский Затон
189,Большая Сухаревская площадь,0104;0105,
190,Малая Сухаревская площадь,0105,Мещанский район
191,улица Коминтерна,0303;0307,
192,Большой Златоустинский переулок,0102,Басманный район
193,Фрунзенская набережная,0109,район Хамовники
194,Комсомольский проспект,0109,район Хамовники
195,3-я Фрунзенская улица,0109,район Хамовники
196,улица Конёнкова,0304,район Бибирево
197,улица Коновалова,0513,Рязанский район
198,Конюшковская улица,0101;0106,
199,Кооперативная улица,0109,район Хамовники
200,Кооперативная улица,1203,поселение Кленовское
201,Кооперативная улица,1111,поселение Щербинка
202,Коптевская улица,0210,район Коптево
203,улица Корнейчука,0304,район Бибирево
204,улица Академика Королёва,0308;0310;0215;0305,
205,улица Павла Корчагина,0301,Алексеевский район
206,Большая Косинская улица,0409,район Косино-Ухтомский
207,улица Космонавтов,0301,Алексеевский район
208,улица Космонавтов,1111,поселение Щербинка
209,улица Костякова,0215,Тимирязевский район
210,улица Косыгина,0702;0815,
211,Кочновский проезд,0201,район Аэропорт
212,улица Коштоянца,0814;0817,
213,улица Красина,0106,Пресненский район
214,улица Красная Пресня,0106,Пресненский район
215,Красноармейская улица,0201,район Аэропорт
216,Красноармейская улица,1104,поселение Кокошкино
217,Красноармейская улица,1111,поселение Щербинка
218,Краснобогатырская улица,0403;0415,
219,Краснодарская улица,0508,район Люблино
220,Краснодонская улица,0506;0508;0514,
221,Красноказарменная улица,0507,район Лефортово
222,Краснопрудная улица,0104,Красносельский район
223,Верхняя Красносельская улица,0104,Красносельский район
224,Малая Красносельская улица,0104,Красносельский район
225,Краснохолмская набережная,0107,Таганский район
226,улица Красный Казанец,0404,район Вешняки
227,улица Красного Маяка,0620,район Чертаново Центральное
228,улица Кржижановского,0701;0705,
229,Кривоколенный переулок,0102,Басманный район
230,Кронштадтский бульвар,0207,Головинский район
231,улица Пречистенка,0109,район Хамовники
232,3-й Крутицкий переулок,0107;0515,
233,1-й Обыденский переулок,0109,район Хамовники
234,улица Кулакова,0905,район Строгино
235,Кунцевская улица,0807,район Кунцево
236,Кусковская улица,0411;0413,
237,Ладожская улица,0102,Басманный район
238,Лазаревский переулок,0309,район Марьина Роща
239,улица Лапина,0507,район Лефортово
240,Лебедянская улица,0606,район Бирюлёво Восточное
241,Малый Лёвшинский переулок,0109,район Хамовники
242,Ленинградский проспект,0201;0202;0214;0217,
243,Ленинградское шоссе,0205;0207;0211;0212;0214;1009;1010,
244,Павелецкая площадь,0103,район Замоскворечье
245,Ленинский проспект,0110;0610;0702;0706;0707;0709;0814;0817,
246,улица Лескова,0304,район Бибирево
247,Лесная улица,0108,Тверской район
248,Лесная улица,1005,район Крюково
249,Лесная улица,0813,район Внуково
250,Лесная улица,1101,поселение Внуковское
251,Лесная улица,1201,поселение Вороновское
252,Лесная улица,1102,поселение Воскресенское
253,Лесная улица,1103,поселение Десеновское
254,Лесная улица,1202,поселение Киевский
255,Лесная улица,1104,поселение Кокошкино
256,Лесная улица,1105,поселение Марушкинское
257,Лесная улица,1106,поселение Московский
258,Лесная улица,1206,поселение Новофедоровское
259,Лесная улица,1207,поселение Первомайское
260,Лесная улица,1208,поселение Роговское
261,Лесная улица,1108,поселение Рязановское
262,Лесная улица,1210,поселение Щаповское
263,Лесная улица,1111,поселение Щербинка
264,Лесная улица,1209,поселение Троицк
265,улица Лестева,0609,Даниловский район
266,Лиственничная аллея,0215,Тимирязевский район
267,3-й Нижнелихоборский проезд,0215,Тимирязевский район
268,Ломоносовский проспект,0702;0815,
269,Лосиноостровская улица,0403;0410,
270,улица Малая Лубянка,0104;0105,
271,Лужнецкий проезд,0109,район Хамовники
272,Люсиновская улица,0103;0609,
273,Лялин переулок,0102,Басманный район
274,Магнитогорская улица,0407,район Ивановское
275,улица Макаренко,0102,Басманный район
276,Космодамианская набережная,0103,район Замоскворечье
277,Мантулинская улица,0106,Пресненский район
278,Люблинская улица,0508;0509;0514,
279,Люблинская улица,1111,поселение Щербинка
280,Малый Знаменский переулок,0109,район Хамовники
281,Марксистская улица,0107,Таганский район
282,Мартеновская улица,0411;0413,
283,Милютинский переулок,0104,Красносельский район
284,улица Верхняя Масловка,0201;0213,
285,улица Нижняя Масловка,0201;0202;0213,
286,улица Мастеркова,0609,Даниловский район
287,Матвеевская улица,0820,район Очаково-Матвеевское
288,улица Матросская Тишина,0418,район Сокольники
289,улица Покровка,0102,Басманный район
290,улица Машкова,0102,Басманный район
291,Медынская улица,0607,район Бирюлёво Западное
292,улица Менжинского,0303;0307,
293,улица Металлургов,0407;0411;0413,
294,Мещанская улица,0105,Мещанский район
295,улица Миклухо-Маклая,0704;0707,
296,улица Милашенкова,0305,Бутырский район
297,улица Академика Миллионщикова,0613,район Нагатино-Садовники
298,проспект Мира,0105;0301;0309;0310;0312;0313;0317,
299,Мирской переулок,0213,Савёловский район
300,улица Михайлова,0513,Рязанский район
301,2-й Верхний Михайловский проезд,0610,Донской район
302,Михалковская улица,0207;0210,
303,Большой Патриарший переулок,0106,Пресненский район
304,улица Мнёвники,0906,район Хорошёво-Мнёвники
305,Можайское шоссе,0809,Можайский район
306,Молодогвардейская улица,0807,район Кунцево
307,улица Большая Молчановка,0101,район Арбат
308,Мосфильмовская улица,0815,район Раменки
309,Мурановская улица,0304,район Бибирево
310,улица Мусоргского,0311,район Отрадное
311,Мытная улица,0103;0110;0609,
312,Большой Афанасьевский переулок,0101;0109,
313,Нагатинская набережная,0613;0614,
314,Нагатинская улица,0613,район Нагатино-Садовники
315,Нагорная улица,0705,район Котловка
316,Нагорная улица,1206,поселение Новофедоровское
317,Нагорная улица,1207,поселение Первомайское
318,Нагорная улица,1209,поселение Троицк
319,Нагорная улица,1105,поселение Марушкинское
320,Нагорный бульвар,0705,район Котловка
321,улица Народного Ополчения,0906;0907,
322,Неглинная улица,0105;0108,
323,Звонарский переулок,0105,Мещанский район
324,Нижний Кисельный переулок,0105,Мещанский район
325,Брюсов переулок,0106;0108,
326,Нежинская улица,0820,район Очаково-Матвеевское
327,улица Новинки,0614,район Нагатинский Затон
328,1-я Новокузьминская улица,0513,Рязанский район
329,Новогиреевская улица,0411;0413,
330,Новодевичий проезд,0109,район Хамовники
331,Новозаводская улица,0818,район Филёвский Парк
332,Новокузнецкая улица,0103,район Замоскворечье
333,1-й Новокузнецкий переулок,0103,район Замоскворечье
334,Новопетровская улица,0210,район Коптево
335,Новорязанская улица,0102;0104,
336,Новосибирская улица,0406,район Гольяново
337,Новослободская улица,0108;0213,
338,Сущёвская улица,0108,Тверской район
339,улица Образцова,0309,район Марьина Роща
340,улица Воронцово Поле,0102;0107,
341,Овчинниковская набережная,0103,район Замоскворечье
342,Окружной проезд,0415;0417,
343,Окская улица,0506;0513;0514,
344,Октябрьская улица,0309,район Марьина Роща
345,Октябрьская улица,0813,район Внуково
346,Октябрьская улица,1101,поселение Внуковское
347,Октябрьская улица,1203,поселение Кленовское
348,Октябрьская улица,1104,поселение Кокошкино
349,Октябрьская улица,1204,поселение Краснопахорское
350,Октябрьская улица,1105,поселение Марушкинское
351,Октябрьская улица,1207,поселение Первомайское
352,Октябрьская улица,1111,поселение Щербинка
353,Октябрьский переулок,0309,район Марьина Роща
354,Олимпийский проспект,0105,Мещанский район
355,улица Орджоникидзе,0610,Донской район
356,улица Орджоникидзе,1104,поселение Кокошкино
357,улица Орджоникидзе,1111,поселение Щербинка
358,улица Большая Ордынка,0103;0110,
359,Ореховый бульвар,0611;0616;0617,
360,Орликов переулок,0104,Красносельский район
361,Оружейный переулок,0108,Тверской район
362,Садовническая улица,0103,район Замоскворечье
363,Осташковская улица,0303;0307;0314,
364,улица Остоженка,0109,район Хамовники
365,улица Островитянова,0704;0707;0709,
366,Большой Козихинский переулок,0106,Пресненский район
367,Открытое шоссе,0403;0410;0415,
368,Отрадная улица,0311,район Отрадное
369,Отрадная улица,1201,поселение Вороновское
370,Отрадная улица,1108,поселение Рязановское
371,Рябиновая улица,0809;0820,
372,Рябиновая улица,1201,поселение Вороновское
373,Рябиновая улица,1102,поселение Воскресенское
374,Рябиновая улица,1103,поселение Десеновское
375,Рябиновая улица,1204,поселение Краснопахорское
376,Рябиновая улица,1105,поселение Марушкинское
377,Рябиновая улица,1206,поселение Новофедоровское
378,Рябиновая улица,1207,поселение Первомайское
379,улица Панфилова,0214,район Сокол
380,улица Панфилова,1011,район Силино
381,3-я Парковая улица,0408;0416,
382,5-я Парковая улица,0408;0416,
383,7-я Парковая улица,0408;0416,
384,9-я Парковая улица,0405;0408;0416,
385,16-я Парковая улица,0405;0416,
386,Партизанская улица,0807,район Кунцево
387,Партизанская улица,1111,поселение Щербинка
388,Первомайская улица,0405;0408,
389,Первомайская улица,0813,район Внуково
390,Первомайская улица,1005,район Крюково
391,Первомайская улица,1101,поселение Внуковское
392,Первомайская улица,1104,поселение Кокошкино
393,Первомайская улица,1204,поселение Краснопахорское
394,Первомайская улица,1111,поселение Щербинка
395,Первомайская улица,1209,поселение Троицк
396,Средняя Первомайская улица,0405;0408,
397,Большая Переяславская улица,0105,Мещанский район
398,Перовская улица,0411;0413,
399,улица Петровка,0108,Тверской район
400,улица Шаболовка,0110;0609;0610,
401,Петровский бульвар,0108,Тверской район
402,Петровско-Разумовский проезд,0213,Савёловский район
403,Старый Петровско-Разумовский проезд,0201;0213,
404,Петрозаводская улица,0216,район Ховрино
405,улица Пивченкова,0819,район Фили-Давыдково
406,Большая Пироговская улица,0109,район Хамовники
407,Платовская улица,0805,район Дорогомилово
408,улица Плеханова,0413,район Перово
409,улица Плющиха,0109,район Хамовники
410,площадь Победы,0805,район Дорогомилово
411,Погонный проезд,0403,район Богородское
412,Ивантеевская улица,0403,район Богородское
413,3-й проезд Подбельского,0403,район Богородское
414,улица Пресненский Вал,0106,Пресненский район
415,Подсосенский переулок,0102,Басманный район
416,Поклонная улица,0805,район Дорогомилово
417,Покровский бульвар,0102,Басманный район
418,улица Фёдора Полетаева,0506;0513,
419,улица Большая Полянка,0110,район Якиманка
420,Полярная улица,0314;0316,
421,Попутная улица,0816,район Солнцево
422,улица Маши Порываевой,0104,Красносельский район
423,улица Правды,0202,район Беговой
424,Преображенская улица,0415,район Преображенское
425,улица Преображенский Вал,0415,район Преображенское
426,улица Пришвина,0304,район Бибирево
427,Просторная улица,0403;0415,
428,Просторная улица,1206,поселение Новофедоровское
429,Профсоюзная улица,0701;0704;0707;0709;0710;0712,
430,улица Проходчиков,0317,Ярославский район
431,улица Пудовкина,0815,район Раменки
432,улица Большая Дмитровка,0108,Тверской район
433,Петровский переулок,0108,Тверской район
434,улица Пырьева,0815,район Раменки
435,Пятницкая улица,0103,район Замоскворечье
436,Пятницкий переулок,0103,район Замоскворечье
437,бульвар Яна Райниса,0904;0908,
438,улица Расковой,0202,район Беговой
439,Реутовская улица,0404,район Вешняки
440,улица Речников,0614,район Нагатинский Затон
441,площадь Рогожская Застава,0107,Таганский район
442,улица Рогожский Посёлок,0510,Нижегородский район
443,улица Петра Романова,0515,Южнопортовый район
444,Рочдельская улица,0106,Пресненский район
445,Рублёвское шоссе,0806;0807;0818;0819,
446,Смоленская-Сенная площадь,0101;0109,
447,Русаковская улица,0104;0418,
448,улица Руставели,0305,Бутырский район
449,улица Маршала Рыбалко,0907,район Щукино
450,Гагаринский переулок,0109,район Хамовники
451,Рязанский проспект,0504;0510;0513,
452,Саввинская набережная,0109,район Хамовники
453,Большой Саввинский переулок,0109,район Хамовники
454,Большая Садовая улица,0106;0108,
455,Садовая-Каретная улица,0108,Тверской район
456,Садовая-Кудринская улица,0106,Пресненский район
457,Садовая-Самотёчная улица,0105;0108,
458,Садовая-Спасская улица,0104,Красносельский район
459,Садовая-Триумфальная улица,0108,Тверской район
460,Садовая-Черногрязская улица,0102,Басманный район
461,Самотёчная улица,0105;0108,
462,3-й Самотёчный переулок,0108,Тверской район
463,Саратовская улица,0513;0514,
464,Свободный проспект,0407;0411,
465,улица Свободы,0903;0904;0908,
466,улица Свободы,1105,поселение Марушкинское
467,Севанская улица,0618,район Царицыно
468,Севастопольский проспект,0610;0703;0704;0705;0710;0712,
469,9-я Северная линия,0315,район Северный
470,Селезнёвская улица,0108,Тверской район
471,Сельскохозяйственная улица,0310;0311;0312;0313,
472,Семёновская набережная,0102,Басманный район
473,Большая Семёновская улица,0417,район Соколиная Гора
474,Семёновский переулок,0417,район Соколиная Гора
475,Лубянский проезд,0102;0108,
476,Большая Серпуховская улица,0103;0609,
477,улица Серпуховский Вал,0609,Даниловский район
478,1-й Сетуньский проезд,0815,район Раменки
479,улица Симоновский Вал,0107;0515;0609,
480,Симферопольский бульвар,0615;0703,
481,Сиреневый бульвар,0405;0408;0416,
482,Сиреневый бульвар,1209,поселение Троицк
483,Славянский бульвар,0819,район Фили-Давыдково
484,Смоленский бульвар,0101;0109,
485,Смольная улица,0207;0211;0216,
486,улица Сокольнический Вал,0418,район Сокольники
487,Солнцевский проспект,0816,район Солнцево
488,Соловьиный проезд,0712,район Ясенево
489,Спиридоньевский переулок,0106,Пресненский район
490,улица Сретенка,0104;0105,
491,Сретенский бульвар,0104,Красносельский район
492,Ставропольская улица,0508,район Люблино
493,улица Сталеваров,0407,район Ивановское
494,Леонтьевский переулок,0106;0108,
495,Старокирочный переулок,0102,Басманный район
496,Стартовая улица,0307,Лосиноостровский район
497,улица Стасовой,0610,Донской район
498,улица Стасовой,1111,поселение Щербинка
499,Столешников переулок,0108,Тверской район
500,Страстной бульвар,0108,Тверской район
501,проезд Стратонавтов,0903,район Покровское-Стрешнево
502,2-й Стрелецкий проезд,0309,район Марьина Роща
503,Стремянный переулок,0103,район Замоскворечье
504,Строгинский бульвар,0905,район Строгино
505,улица Стромынка,0418,район Сокольники
506,Студёный проезд,0314,район Северное Медведково
507,Студенческая улица,0805,район Дорогомилово
508,Никитский бульвар,0101;0106,
509,Судостроительная улица,0614,район Нагатинский Затон
510,Трубная улица,0105,Мещанский район
511,улица Сущёвский Вал,0105;0108;0309,
512,Сходненская улица,0908,район Южное Тушино
513,Малый Палашёвский переулок,0108,Тверской район
514,Таганрогская улица,0508,район Люблино
515,Таганская улица,0107,Таганский район
516,Талдомская улица,0209,район Западное Дегунино
517,Таллинская улица,0905,район Строгино
518,Танковый проезд,0507,район Лефортово
519,Ташкентская улица,0504,район Выхино-Жулебино
520,3-я Тверская-Ямская улица,0108,Тверской район
521,4-я Тверская-Ямская улица,0108,Тверской район
522,Тенистый проезд,0313,район Свиблово
523,Тимирязевская улица,0215,Тимирязевский район
524,улица Маршала Тимошенко,0807,район Кунцево
525,Тихорецкий бульвар,0508,район Люблино
526,улица Спиридоновка,0106,Пресненский район
527,улица Трёхгорный Вал,0106,Пресненский район
528,Трифоновская улица,0105;0309,
529,улица Трофимова,0515;0609,
530,Трубниковский переулок,0101,район Арбат
531,улица Сергия Радонежского,0107,Таганский район
532,Большая Тульская улица,0609;0610,
533,Туристская улица,0904;0908,
534,Вишнёвая улица,1102,поселение Воскресенское
535,Вишнёвая улица,1204,поселение Краснопахорское
536,Вишнёвая улица,1105,поселение Марушкинское
537,Вишнёвая улица,1206,поселение Новофедоровское
538,Вишнёвая улица,1108,поселение Рязановское
539,Вишнёвая улица,1111,поселение Щербинка
540,Вишнёвая улица,1207,поселение Первомайское
541,Вишнёвая улица,0903,район Покровское-Стрешнево
542,Тушинская улица,0903,район Покровское-Стрешнево
543,улица 1905 Года,0106,Пресненский район
544,Украинский бульвар,0805,район Дорогомилово
545,Новопесчаная улица,0214,район Сокол
546,улица Сальвадора Альенде,0214,район Сокол
547,улица Дмитрия Ульянова,0701;0702;0705,
548,улица Марии Ульяновой,0706,Ломоносовский район
549,Уральская улица,0406,район Гольяново
550,Уральская улица,1207,поселение Первомайское
551,Усачёва улица,0109,район Хамовники
552,Осенний бульвар,0806,район Крылатское
553,улица Фабрициуса,0908,район Южное Тушино
554,Большой Факельный переулок,0107,Таганский район
555,Малый Николопесковский переулок,0101,район Арбат
556,Ферганский проезд,0504,район Выхино-Жулебино
557,Фестивальная улица,0207;0211;0216,
558,Филёвский бульвар,0818,район Филёвский Парк
559,Большая Филёвская улица,0818;0819,
560,Малая Филёвская улица,0819,район Фили-Давыдково
561,Флотская улица,0207;0211;0216,
562,Флотская улица,1111,поселение Щербинка
563,улица Фомичёвой,0904,район Северное Тушино
564,улица Тимура Фрунзе,0109,район Хамовники
565,1-я Фрунзенская улица,0109,район Хамовники
566,2-я Фрунзенская улица,0109,район Хамовники
567,улица Хамовнический Вал,0109,район Хамовники
568,улица Хачатуряна,0311,район Отрадное
569,Херсонская улица,0703;0710,
570,Химкинский бульвар,0904;0908,
571,улица Хлобыстова,0504,район Выхино-Жулебино
572,улица Маросейка,0102,Басманный район
573,Холмогорская улица,0317,Ярославский район
574,1-й Хорошёвский проезд,0217,Хорошёвский район
575,Хорошёвское шоссе,0217,Хорошёвский район
576,Камергерский переулок,0108,Тверской район
577,2-й Хуторской переулок,0213,Савёловский район
578,Цветной бульвар,0105;0108,
579,улица Цюрупы,0710,район Черёмушки
580,Новинский бульвар,0101;0106,
581,Чапаевский переулок,0214;0217,
582,улица Чаплыгина,0102,Басманный район
583,Череповецкая улица,0306,район Лианозово
584,Большая Черкизовская улица,0415,район Преображенское
585,Хабаровская улица,0406,район Гольяново
586,Чистопрудный бульвар,0102,Басманный район
587,улица Черняховского,0201,район Аэропорт
588,Чертановская улица,0619;0620;0621,
589,улица Малая Дмитровка,0108,Тверской район
590,улица Чечулина,0407,район Ивановское
591,улица Земляной Вал,0102;0107,
592,Шарикоподшипниковская улица,0511;0515,
593,улица Шверника,0701,Академический район
594,Шелепихинская набережная,0106;0906,
595,проспект 60-летия Октября,0701;0702,
596,Шипиловская улица,0611;0616,
597,Шмитовский проезд,0106,Пресненский район
598,проезд Шокальского,0314;0316,
599,Шоссейная улица,0511,район Печатники
600,Шоссейная улица,1101,поселение Внуковское
601,Шоссейная улица,1105,поселение Марушкинское
602,улица Шухова,0609;0610,
603,Щёлковское шоссе,0406;0408;0416,
604,улица Щепкина,0105,Мещанский район
605,Щербаковская улица,0417,район Соколиная Гора
606,Большой Лёвшинский переулок,0109,район Хамовники
607,Элеваторная улица,0606,район Бирюлёво Восточное
608,Энергетическая улица,0507,район Лефортово
609,шоссе Энтузиастов,0407;0408;0413;0417;0507,
610,улица Юности,0404,район Вешняки
611,улица Юности,1009;1010,
612,улица Юных Ленинцев,0506;0514,
613,улица Яблочкова,0305,Бутырский район
614,3-я улица Ямского Поля,0202,район Беговой
615,улица Академика Янгеля,0621,район Чертаново Южное
616,Ярославская улица,0301,Алексеевский район
617,Ярославское шоссе,0317,Ярославский район
618,Ясный проезд,0316,район Южное Медведково
619,Яузский бульвар,0107,Таганский район
620,Благовещенский переулок,0106;0108,
621,улица Палиха,0108,Тверской район
622,Новоспасский переулок,0107,Таганский район
623,Будайский проезд,0312,район Ростокино
624,Широкая улица,0314,район Северное Медведково
625,Широкая улица,1103,поселение Десеновское
626,Широкая улица,1104,поселение Кокошкино
627,Широкая улица,1206,поселение Новофедоровское
628,Широкая улица,1207,поселение Первомайское
629,Международная улица,0107,Таганский район
630,1-я Вольская улица,0512,район Некрасовка
631,улица Декабристов,0310;0311;0313,
632,бульвар Дмитрия Донского,0708,район Северное Бутово
633,Новотушинский проезд,0902,район Митино
634,Митинская улица,0902,район Митино
635,Ангелов переулок,0902,район Митино
636,Жулебинский бульвар,0504,район Выхино-Жулебино
637,улица Грина,0708,район Северное Бутово
638,Дубравная улица,1204,поселение Краснопахорское
639,Дубравная улица,1207,поселение Первомайское
640,Дубравная улица,0902,район Митино
641,Новолучанская улица,0807,район Кунцево
642,улица Барышиха,0902,район Митино
643,улица Кузнецкий Мост,0105;0108,
644,Пронская улица,0504,район Выхино-Жулебино
645,Новочерёмушкинская улица,0701;0710,
646,Ащеулов переулок,0104,Красносельский район
647,улица Генерала Кузнецова,0504,район Выхино-Жулебино
648,Мичуринский проспект,0814;0815;0817;0820,
649,Луков переулок,0104,Красносельский район
650,Сокольническая площадь,0418,район Сокольники
651,Преображенская площадь,0415,район Преображенское
652,Большая Андроньевская улица,0107,Таганский район
653,улица Авиаконструктора Миля,0504,район Выхино-Жулебино
654,Поречная улица,0509,район Марьино
655,Котельническая набережная,0107,Таганский район
656,улица Перерва,0509;0508,
657,Мячковский бульвар,0509,район Марьино
658,Братиславская улица,0509,район Марьино
659,Привольная улица,0504,район Выхино-Жулебино
660,Привольная улица,1206,поселение Новофедоровское
661,Привольная улица,1105,поселение Марушкинское
662,Южнопортовая улица,0511;0515,
663,улица Верхние Поля,0505;0508;0509,
664,Скобелевская улица,0711,район Южное Бутово
665,улица Адмирала Лазарева,0711,район Южное Бутово
666,Южнобутовская улица,0711,район Южное Бутово
667,улица Академика Семёнова,0711,район Южное Бутово
668,Чечёрский проезд,0711,район Южное Бутово
669,бульвар Адмирала Ушакова,0711,район Южное Бутово
670,Старокачаловская улица,0708,район Северное Бутово
671,Курсовой переулок,0109,район Хамовники
672,Веерная улица,0820,район Очаково-Матвеевское
673,улица Академика Анохина,0817,район Тропарёво-Никулино
674,улица Покрышкина,0817,район Тропарёво-Никулино
675,Минская улица,0805;0815;0818;0819,
676,Минская улица,1101,поселение Внуковское
677,Минская улица,1104,поселение Кокошкино
678,улица Крылатские Холмы,0806,район Крылатское
679,Кривоарбатский переулок,0101,район Арбат
680,Пятницкое шоссе,0902,район Митино
681,улица Генерала Белобородова,0902,район Митино
682,Уваровский переулок,0902,район Митино
683,1-я линия Хорошёвского Серебряного Бора,0906,район Хорошёво-Мнёвники
684,Воротынская улица,0901,район Куркино
685,Авиационная улица,1111,поселение Щербинка
686,Авиационная улица,0907,район Щукино
687,улица Лавочкина,0207;0211;0216,
688,Коровинское шоссе,0203;0208;0209,
689,Никольский проезд,1010,район Савёлки
690,Шипиловский проезд,0612;0616;0617;0606,
691,Елецкая улица,0611;0617,
692,Новокосинская улица,0412,район Новокосино
693,Большой Толмачёвский переулок,0110,район Якиманка
694,улица Серафимовича,0110,район Якиманка
695,улица Серафимовича,1101,поселение Внуковское
696,1-й Зачатьевский переулок,0109,район Хамовники
697,Бакунинская улица,0102,Басманный район
698,Рубцовская набережная,0102,Басманный район
699,Глубокий переулок,0106,Пресненский район
700,Краснопресненская набережная,0106,Пресненский район
701,Конный переулок,0110;0610,
702,Старомонетный переулок,0110,район Якиманка
703,1-й Тверской-Ямской переулок,0108,Тверской район
704,2-й Щемиловский переулок,0108,Тверской район
705,улица Грекова,0314,район Северное Медведково
706,Маломосковская улица,0301,Алексеевский район
707,улица Молодцова,0314;0316,
708,Большая Марфинская улица,0308,район Марфино
709,улица Кашёнкин Луг,0308,район Марфино
710,улица Руднёвка,0409,район Косино-Ухтомский
711,Святоозерская улица,0409,район Косино-Ухтомский
712,2-й Полевой переулок,0418,район Сокольники
713,улица Дмитриевского,0409,район Косино-Ухтомский
714,Лухмановская улица,0409,район Косино-Ухтомский
715,Суворовская улица,0415,район Преображенское
716,улица Васильцовский Стан,0513,Рязанский район
717,1-я улица Машиностроения,0515,Южнопортовый район
718,проспект Защитников Москвы,0512,район Некрасовка
719,улица Воронцовские Пруды,0707,Обручевский район
720,улица Гарибальди,0706;0707;0710,
721,улица Академика Пилюгина,0706;0707,
722,Малая Юшуньская улица,0703,район Зюзино
723,улица Академика Виноградова,0709,район Тёплый Стан
724,Новоясеневский проспект,0712,район Ясенево
725,улица Обручева,0704;0707;0710,
726,улица Маршала Савицкого,0711,район Южное Бутово
727,улица Удальцова,0814;0815,
728,улица Столетова,0815,район Раменки
729,Сколковское шоссе,0809,Можайский район
730,Ярцевская улица,0807,район Кунцево
731,Новокуркинское шоссе,0901,район Куркино
732,улица Соловьиная Роща,0901,район Куркино
733,Иваньковское шоссе,0903,район Покровское-Стрешнево
734,Соколово-Мещерская улица,0901,район Куркино
735,улица Маршала Соколовского,0907,район Щукино
736,Родионовская улица,0901,район Куркино
737,улица Маршала Тухачевского,0906,район Хорошёво-Мнёвники
738,Щукинская улица,0907,район Щукино
739,Петровско-Разумовская аллея,0201,район Аэропорт
740,улица Гризодубовой,0217,Хорошёвский район
741,проезд Берёзовой Рощи,0217,Хорошёвский район
742,1-й Нагатинский проезд,0613,район Нагатино-Садовники
743,6-я Радиальная улица,0606,район Бирюлёво Восточное
744,Оболенский переулок,0109,район Хамовники
745,Пречистенская набережная,0109,район Хамовники
746,Ружейный переулок,0109,район Хамовники
747,Озерковская набережная,0103,район Замоскворечье
748,Большая Татарская улица,0103,район Замоскворечье
749,2-й Неопалимовский переулок,0109,район Хамовники
750,Староконюшенный переулок,0101;0109,
751,улица Бурденко,0109,район Хамовники
752,Спортивная улица,0618,район Царицыно
753,Спортивная улица,0813,район Внуково
754,Спортивная улица,1104,поселение Кокошкино
755,Спортивная улица,1105,поселение Марушкинское
756,Спортивная улица,1111,поселение Щербинка
757,Спортивная улица,1209,поселение Троицк
758,Октябрьский проспект,1209,поселение Троицк
759,2-я Барышевская улица,1111,поселение Щербинка
760,Юбилейная улица,1105,поселение Марушкинское
761,Юбилейная улица,1111,поселение Щербинка
762,Юбилейная улица,1209,поселение Троицк
763,Юбилейная улица,1208,поселение Роговское
764,улица Мостотреста,1111,поселение Щербинка
765,Газетный переулок,0106;0108,
766,улица Маршала Полубоярова,0504,район Выхино-Жулебино
767,проезд № 4922,1012,район Старое Крюково
768,Конаковский проезд,0207,Головинский район
769,Заводская улица,1202,поселение Киевский
770,Заводская улица,1204,поселение Краснопахорское
771,Заводская улица,1111,поселение Щербинка
772,Заводская улица,1005,район Крюково
773,Большая Черёмушкинская улица,0701;0705,
774,Янтарный проезд,0307,Лосиноостровский район
775,Авиационный переулок,0201,район Аэропорт
776,улица Рождественка,0105,Мещанский район
777,3-я Новоостанкинская улица,0310,Останкинский район
778,Колокольников переулок,0105,Мещанский район
779,Звёздный бульвар,0310,Останкинский район
780,улица Генерала Тюленева,0709,район Тёплый Стан
781,Докучаев переулок,0104,Красносельский район
782,Комсомольская площадь,0104,Красносельский район
783,улица Станиславского,0107,Таганский район
784,1-й Грайвороновский проезд,0514,район Текстильщики
785,Фармацевтический проезд,0210,район Коптево
786,Угличская улица,0306,район Лианозово
787,улица Академика Скрябина,0504;0506;0513,
788,Большой Предтеченский переулок,0106,Пресненский район
789,Малый Кисловский переулок,0106,Пресненский район
790,Столовый переулок,0106,Пресненский район
791,Баррикадная улица,0106,Пресненский район
792,Мукомольный проезд,0106,Пресненский район
793,Тверской бульвар,0106;0108,
794,улица Новаторов,0707,Обручевский район
795,улица Фотиевой,0702,Гагаринский район
796,Университетский проспект,0702;0815,
797,улица Строителей,0702;0706,
798,улица Строителей,1102,поселение Воскресенское
799,улица Строителей,1104,поселение Кокошкино
800,улица Строителей,1105,поселение Марушкинское
801,улица Строителей,1206,поселение Новофедоровское
802,улица Строителей,1207,поселение Первомайское
803,улица Крупской,0706,Ломоносовский район
804,улица Крупской,1005,район Крюково
805,улица Панфёрова,0702;0706,
806,Душинская улица,0507,район Лефортово
807,Малая Пироговская улица,0109,район Хамовники
808,Соймоновский проезд,0109,район Хамовники
809,Лужнецкая набережная,0109,район Хамовники
810,Никольская улица,0108,Тверской район
811,Малый Власьевский переулок,0109,район Хамовники
812,Ветошный переулок,0108,Тверской район
813,улица Ильинка,0108,Тверской район
814,Погодинская улица,0109,район Хамовники
815,Богоявленский переулок,0108,Тверской район
816,1-й Неопалимовский переулок,0109,район Хамовники
817,улица Бахрушина,0103,район Замоскворечье
818,улица Балчуг,0103;0110,
819,Шлюзовая набережная,0103,район Замоскворечье
820,Дубининская улица,0103;0609,
821,Раушская набережная,0103,район Замоскворечье
822,Садовническая набережная,0103,район Замоскворечье
823,Малый Татарский переулок,0103,район Замоскворечье
824,2-й Новокузнецкий переулок,0103,район Замоскворечье
825,1-й Люсиновский переулок,0103,район Замоскворечье
826,Большой Овчинниковский переулок,0103,район Замоскворечье
827,аллея Жемчуговой,0404,район Вешняки
828,Суздальская улица,0412,район Новокосино
829,Лениногорская улица,0409,район Косино-Ухтомский
830,Прокатная улица,0407,район Ивановское
831,Кадашёвская набережная,0103;0110,
832,Малая Калужская улица,0610,Донской район
833,улица Бусиновская Горка,0209,район Западное Дегунино
834,4-й Новомихалковский проезд,0210,район Коптево
835,Планерная улица,0904,район Северное Тушино
836,улица Добролюбова,0305,Бутырский район
837,Северный бульвар,0311,район Отрадное
838,Тихвинская улица,0108;0309,
839,Белозерская улица,0304,район Бибирево
840,улица Гончарова,0305,Бутырский район
841,Шереметьевская улица,0309,район Марьина Роща
842,Каргопольская улица,0311,район Отрадное
843,Сухонская улица,0314;0316,
844,Амурская улица,0406,район Гольяново
845,Вербная улица,1206,поселение Новофедоровское
846,Вербная улица,0410,район Метрогородок
847,Малая Семёновская улица,0415;0417,
848,2-я Пугачёвская улица,0415,район Преображенское
849,Большая Ширяевская улица,0418,район Сокольники
850,Бобров переулок,0104,Красносельский район
851,Большая Спасская улица,0104,Красносельский район
852,улица Гамалеи,0907,район Щукино
853,3-я Хорошёвская улица,0906,район Хорошёво-Мнёвники
854,Живописная улица,1207,поселение Первомайское
855,Живописная улица,0906;0907,
856,улица Маршала Катукова,0905,район Строгино
857,Дружинниковская улица,0106,Пресненский район
858,Моховая улица,0101;0108,
859,Моховая улица,1206,поселение Новофедоровское
860,Большой Трёхгорный переулок,0106,Пресненский район
861,Поварская улица,0101;0106,
862,улица Заморёнова,0106,Пресненский район
863,Хлыновский тупик,0106,Пресненский район
864,Трёхпрудный переулок,0106;0108,
865,улица Литвина-Седого,0106,Пресненский район
866,Хлебный переулок,0101;0106,
867,Главная улица,0414,район Восточный
868,Нижняя Первомайская улица,0405;0408,
869,12-я Парковая улица,0405,район Восточное Измайлово
870,Измайловское шоссе,0408;0417,
871,Гороховский переулок,0102,Басманный район
872,Спартаковская улица,0102,Басманный район
873,улица Фридриха Энгельса,0102,Басманный район
874,Новая площадь,0108,Тверской район
875,Большой Черкасский переулок,0108,Тверской район
876,Малый Черкасский переулок,0108,Тверской район
877,Гольяновская улица,0102,Басманный район
878,Переведеновский переулок,0102,Басманный район
879,Лефортовский переулок,0102,Басманный район
880,2-я Бауманская улица,0102,Басманный район
881,Потаповский переулок,0102,Басманный район
882,Большой Харитоньевский переулок,0102,Басманный район
883,Большая Почтовая улица,0102,Басманный район
884,Вспольный переулок,0106,Пресненский район
885,Большой Кондратьевский переулок,0106,Пресненский район
886,Большой Тишинский переулок,0106,Пресненский район
887,Средний Кондратьевский переулок,0106,Пресненский район
888,2-я Черногрязская улица,0106,Пресненский район
889,улица Подвойского,0106,Пресненский район
890,Берёзовая аллея,1101,поселение Внуковское
891,Берёзовая аллея,1105,поселение Марушкинское
892,Берёзовая аллея,1207,поселение Первомайское
893,Берёзовая аллея,0310;0311,
894,Берёзовая аллея,1009,район Матушкино
895,Каштановая аллея,1010,район Савёлки
896,1-я Рейсовая улица,0813,район Внуково
897,Изваринская улица,0813,район Внуково
898,Дивизионная улица,0813,район Внуково
899,Заводское шоссе,0813,район Внуково
900,площадь Юности,1009,район Матушкино
901,улица Усиевича,0201,район Аэропорт
902,Часовая улица,0201,район Аэропорт
903,улица Константина Царёва,0214,район Сокол
904,Светлый проезд,0214,район Сокол
905,Клинская улица,0216,район Ховрино
906,Пулковская улица,0207,Головинский район
907,Головинское шоссе,0205;0207,
908,Булатниковский проезд,0607,район Бирюлёво Западное
909,Харьковский проезд,0607,район Бирюлёво Западное
910,улица Газопровод,0621,район Чертаново Южное
911,3-й Дорожный проезд,1104,поселение Кокошкино
912,3-й Дорожный проезд,0621,район Чертаново Южное
913,улица Подольских Курсантов,0607;0620;0621,
914,Сумской проезд,0619,район Чертаново Северное
915,Артековская улица,0615,Нагорный район
916,Никопольская улица,0607,район Бирюлёво Западное
917,Кожевнический проезд,0103,район Замоскворечье
918,улица 50 лет Октября,0816,район Солнцево
919,Литовский бульвар,0712,район Ясенево
920,улица Рокотова,0712,район Ясенево
921,улица Паустовского,0712,район Ясенево
922,улица Введенского,0704,район Коньково
923,улица Кедрова,0701,Академический район
924,Старокалужское шоссе,0707,Обручевский район
925,улица Тёплый Стан,0709,район Тёплый Стан
926,Ясногорская улица,0712,район Ясенево
927,улица Академика Капицы,0704,район Коньково
928,проезд Карамзина,0712,район Ясенево
929,Вильнюсская улица,0712,район Ясенево
930,улица Академика Челомея,0707,Обручевский район
931,улица Академика Бакулева,0709,район Тёплый Стан
932,улица Гримау,0701,Академический район
933,Одесская улица,0703,район Зюзино
934,Перекопская улица,0703;0710,
935,улица Ремизова,0705,район Котловка
936,Большая Юшуньская улица,0703,район Зюзино
937,улица Маршала Федоренко,0209,район Западное Дегунино
938,3-й Михалковский переулок,0210,район Коптево
939,Зеленоградская улица,0207;0216,
940,Новая улица,0209,район Западное Дегунино
941,Новая улица,1005,район Крюково
942,Новая улица,1101,поселение Внуковское
943,Новая улица,1102,поселение Воскресенское
944,Новая улица,1202,поселение Киевский
945,Новая улица,1204,поселение Краснопахорское
946,Новая улица,1105,поселение Марушкинское
947,Новая улица,1206,поселение Новофедоровское
948,Новая улица,1207,поселение Первомайское
949,Новая улица,1111,поселение Щербинка
950,улица Зои и Александра Космодемьянских,0205;0210,
951,Солнечногорская улица,0207,Головинский район
952,Дегунинская улица,0209,район Западное Дегунино
953,Солнечногорский проезд,0207,Головинский район
954,Илимская улица,0306,район Лианозово
955,Гостиничный проезд,0308,район Марфино
956,Гостиничная улица,0308,район Марфино
957,Путевой проезд,0302;0306,
958,Инженерная улица,0302,Алтуфьевский район
959,Псковская улица,0306,район Лианозово
960,Стандартная улица,0302,Алтуфьевский район
961,Шенкурский проезд,0304,район Бибирево
962,улица Пестеля,0311,район Отрадное
963,2-я Сокольническая улица,0418,район Сокольники
964,улица Николая Химушина,0410,район Метрогородок
965,2-я Гражданская улица,0403,район Богородское
966,Андреево-Забелинская улица,0403,район Богородское
967,Знаменская улица,0415,район Преображенское
968,3-я Гражданская улица,0403,район Богородское
969,Миллионная улица,0403,район Богородское
970,Алымов переулок,0403,район Богородское
971,5-й проезд Подбельского,0403,район Богородское
972,Маленковская улица,0418,район Сокольники
973,Клязьминская улица,0208,Дмитровский район
974,Линейный проезд,0215,Тимирязевский район
975,Линейный проезд,1104,поселение Кокошкино
976,Икшинская улица,0208,Дмитровский район
977,улица Немчинова,0215,Тимирязевский район
978,улица 800-летия Москвы,0203;0206;0208,
979,улица Софьи Ковалевской,0208,Дмитровский район
980,Вагоноремонтная улица,0208,Дмитровский район
981,Бескудниковский проезд,0203,Бескудниковский район
982,Бескудниковский переулок,0203,Бескудниковский район
983,улица Вучетича,0215,Тимирязевский район
984,Астрадамский проезд,0215,Тимирязевский район
985,Карельский бульвар,0208,Дмитровский район
986,Керамический проезд,0206,район Восточное Дегунино
987,Панкратьевский переулок,0104,Красносельский район
988,Живарев переулок,0104,Красносельский район
989,Нижняя Красносельская улица,0102;0104,
990,Скорняжный переулок,0104,Красносельский район
991,1-й Коптельский переулок,0104;0105,
992,улица Нижние Мнёвники,0906,район Хорошёво-Мнёвники
993,Дмитровский проезд,0215,Тимирязевский район
994,улица Прянишникова,0215,Тимирязевский район
995,Тимирязевский проезд,0215,Тимирязевский район
996,улица Клары Цеткин,0205;0210,
997,улица Космонавта Волкова,0205;0210,
998,Каланчёвская улица,0104,Красносельский район
999,Лобненская улица,0208,Дмитровский район
1000,Чуксин тупик,0215,Тимирязевский район
1001,Селигерская улица,0203,Бескудниковский район
1002,Институтский переулок,0309,район Марьина Роща
1003,улица Плещеева,0304,район Бибирево
1004,Новодмитровская улица,0305,Бутырский район
1005,улица Достоевского,0105;0108;0309,
1006,улица Петровские Линии,0108,Тверской район
1007,улица Каретный Ряд,0108,Тверской район
1008,улица Санникова,0311,район Отрадное
1009,улица Фонвизина,0305,Бутырский район
1010,Костромская улица,0302;0304,
1011,Театральная площадь,0108,Тверской район
1012,Делегатская улица,0108,Тверской район
1013,Театральный проезд,0105;0108,
1014,2-й Сетуньский проезд,0815,район Раменки
1015,Большая Очаковская улица,0820,район Очаково-Матвеевское
1016,Озёрная улица,0817;0820,
1017,Озёрная улица,1103,поселение Десеновское
1018,Озёрная улица,1202,поселение Киевский
1019,Озёрная улица,1104,поселение Кокошкино
1020,Озёрная улица,1204,поселение Краснопахорское
1021,Озёрная улица,1105,поселение Марушкинское
1022,Озёрная улица,1205,поселение Михайлово-Ярцевское
1023,Озёрная улица,1207,поселение Первомайское
1024,Озёрная улица,1210,поселение Щаповское
1025,улица Довженко,1101,поселение Внуковское
1026,улица Довженко,0815,район Раменки
1027,Очаковское шоссе,0820,район Очаково-Матвеевское
1028,Беломорская улица,0211;0216,
1029,1-й Амбулаторный проезд,0201,район Аэропорт
1030,Онежская улица,0207;0216,
1031,Песчаный переулок,0214,район Сокол
1032,Валдайский проезд,0211,район Левобережный
1033,Прибрежный проезд,0211,район Левобережный
1034,улица Врубеля,0214,район Сокол
1035,Левобережная улица,0211;0216,
1036,Авангардная улица,0207,Головинский район
1037,площадь Ганецкого,0205,Войковский район
1038,улица Алабяна,0214,район Сокол
1039,3-я Подрезковская улица,0212,Молжаниновский район
1040,улица Юннатов,0213,Савёловский район
1041,5-я улица Ямского Поля,0202,район Беговой
1042,переулок Расковой,0202,район Беговой
1043,Вятская улица,0213,Савёловский район
1044,Приречная улица,0811,район Ново-Переделкино
1045,улица Шолохова,0811,район Ново-Переделкино
1046,Боровское шоссе,0811;0813;0816;1101;1105,
1047,Новопеределкинская улица,0811,район Ново-Переделкино
1048,Новопеределкинская улица,1207,поселение Первомайское
1049,Родниковая улица,0816;1106,
1050,Родниковая улица,1204,поселение Краснопахорское
1051,Родниковая улица,1106,поселение Московский
1052,Родниковая улица,1207,поселение Первомайское
1053,Дорожная улица,1102,поселение Воскресенское
1054,Дорожная улица,1204,поселение Краснопахорское
1055,Дорожная улица,1105,поселение Марушкинское
1056,Дорожная улица,1206,поселение Новофедоровское
1057,Дорожная улица,1207,поселение Первомайское
1058,Дорожная улица,1111,поселение Щербинка
1059,Дорожная улица,0619;0620;0621,
1060,Чоботовская улица,0811,район Ново-Переделкино
1061,Писцовая улица,0213,Савёловский район
1062,Россошанский проезд,0621,район Чертаново Южное
1063,Большая Бутовская улица,0711,район Южное Бутово
1064,Чонгарский бульвар,0615;0703,
1065,Фруктовая улица,0615;0703,
1066,Фруктовая улица,1209,поселение Троицк
1067,Востряковский проезд,0607,район Бирюлёво Западное
1068,Черниговский переулок,0103,район Замоскворечье
1069,Климентовский переулок,0103,район Замоскворечье
1070,Даниловская набережная,0609,Даниловский район
1071,Полтавская улица,0213,Савёловский район
1072,Берсеневская набережная,0110,район Якиманка
1073,Пыжёвский переулок,0110,район Якиманка
1074,2-й Донской проезд,0610,Донской район
1075,улица Академика Петровского,0110;0610,
1076,Лаврушинский переулок,0110,район Якиманка
1077,Калужская площадь,0110,район Якиманка
1078,улица Крымский Вал,0110,район Якиманка
1079,улица Малая Якиманка,0110,район Якиманка
1080,улица Намёткина,0707;0710,
1081,Лодочная улица,0908,район Южное Тушино
1082,Нелидовская улица,0908,район Южное Тушино
1083,1-й Тушинский проезд,0903,район Покровское-Стрешнево
1084,проезд Досфлота,0908,район Южное Тушино
1085,Врачебный проезд,0903,район Покровское-Стрешнево
1086,улица Розанова,0217,Хорошёвский район
1087,3-й Стрелецкий проезд,0309,район Марьина Роща
1088,улица Тихомирова,0314,район Северное Медведково
1089,Заповедная улица,1207,поселение Первомайское
1090,Заповедная улица,0316,район Южное Медведково
1091,Большая Новодмитровская улица,0305,Бутырский район
1092,улица Короленко,0418,район Сокольники
1093,Попов проезд,0418,район Сокольники
1094,1-я Боевская улица,0418,район Сокольники
1095,проспект Академика Сахарова,0104,Красносельский район
1096,Уссурийская улица,0406,район Гольяново
1097,Халтуринская улица,0415,район Преображенское
1098,2-я улица Бухвостова,0415,район Преображенское
1099,Камчатская улица,0406,район Гольяново
1100,Сретенский тупик,0104,Красносельский район
1101,Карамышевская набережная,0906,район Хорошёво-Мнёвники
1102,улица Твардовского,0905,район Строгино
1103,улица Маршала Новикова,0907,район Щукино
1104,Новохорошёвский проезд,0906,район Хорошёво-Мнёвники
1105,улица Паршина,0906,район Хорошёво-Мнёвники
1106,улица Маршала Конева,0907,район Щукино
1107,3-й Силикатный проезд,0906,район Хорошёво-Мнёвники
1108,1-й Басманный переулок,0102;0104,
1109,Стромынский переулок,0418,район Сокольники
1110,Никитинская улица,0408;0416,
1111,Уланский переулок,0104,Красносельский район
1112,15-я Парковая улица,0405;0416,
1113,Заводской проезд,0408,район Измайлово
1114,Лечебная улица,0417,район Соколиная Гора
1115,13-я Парковая улица,0405;0416,
1116,Малая Почтовая улица,0102,Басманный район
1117,Челябинская улица,0407,район Ивановское
1118,Ткацкая улица,0417,район Соколиная Гора
1119,Кирпичная улица,0417,район Соколиная Гора
1120,Измайловский проспект,0405;0408,
1121,Стрелецкая улица,0309,район Марьина Роща
1122,Новосущёвская улица,0108;0309,
1123,11-я Парковая улица,0405;0408;0416,
1124,14-я Парковая улица,0405,район Восточное Измайлово
1125,5-я улица Соколиной Горы,0417,район Соколиная Гора
1126,Семёновская площадь,0417,район Соколиная Гора
1127,улица Благуша,0417,район Соколиная Гора
1128,Штурвальная улица,0908,район Южное Тушино
1129,Минаевский переулок,0309,район Марьина Роща
1130,Буракова улица,0417,район Соколиная Гора
1131,улица Константина Федина,0416,район Северное Измайлово
1132,Щёлковский проезд,0416,район Северное Измайлово
1133,Мажоров переулок,0417,район Соколиная Гора
1134,Измайловская площадь,0408,район Измайлово
1135,Армянский переулок,0102,Басманный район
1136,Елоховский проезд,0102,Басманный район
1137,Токмаков переулок,0102,Басманный район
1138,Рубцов переулок,0102,Басманный район
1139,Денисовский переулок,0102,Басманный район
1140,Кондрашёвский тупик,0102,Басманный район
1141,Плетешковский переулок,0102,Басманный район
1142,улица Климашкина,0106,Пресненский район
1143,Столярный переулок,0106,Пресненский район
1144,улица Николаева,0106,Пресненский район
1145,Триумфальная площадь,0108,Тверской район
1146,2-й Магистральный тупик,0217,Хорошёвский район
1147,2-й Хорошёвский проезд,0217,Хорошёвский район
1148,улица Дружбы,1204,поселение Краснопахорское
1149,улица Дружбы,0815,район Раменки
1150,улица Дружбы,0813,район Внуково
1151,улица Лобачевского,0814;0815;0820,
1152,улица Раменки,0814;0815,
1153,Воробьёвское шоссе,0815,район Раменки
1154,Центральный проспект,1009;1010,
1155,проспект Генерала Алексеева,1009;1011,
1156,Сосновая аллея,1010,район Савёлки
1157,Сосновая аллея,0903,район Покровское-Стрешнево
1158,2-й Западный проезд,1009,район Матушкино
1159,Беговая аллея,0202,район Беговой
1160,Скаковая улица,0202,район Беговой
1161,улица Зорге,0214;0217,
1162,2-й Боткинский проезд,0202,район Беговой
1163,Планетная улица,0201,район Аэропорт
1164,улица Куусинена,0214;0217,
1165,улица Поликарпова,0202;0217,
1166,улица Острякова,0217,Хорошёвский район
1167,проезд Аэропорта,0217,Хорошёвский район
1168,улица Академика Ильюшина,0201,район Аэропорт
1169,1-я Брестская улица,0108,Тверской район
1170,Мамоновский переулок,0108,Тверской район
1171,Дегтярный переулок,0108,Тверской район
1172,Глинищевский переулок,0108,Тверской район
1173,Вознесенский переулок,0106;0108,
1174,улица Бутырский Вал,0108,Тверской район
1175,Старопименовский переулок,0108,Тверской район
1176,Настасьинский переулок,0108,Тверской район
1177,Пушкинская площадь,0108,Тверской район
1178,3-я Песчаная улица,0214;0217,
1179,2-я Тверская-Ямская улица,0108,Тверской район
1180,Павловская улица,0609,Даниловский район
1181,1-й Монетчиковский переулок,0103,район Замоскворечье
1182,улица Малая Ордынка,0103,район Замоскворечье
1183,Хавская улица,0110;0609;0610,
1184,Жуков проезд,0103;0609,
1185,2-й Павелецкий проезд,0609,Даниловский район
1186,Дербеневская улица,0609,Даниловский район
1187,Средний Овчинниковский переулок,0103,район Замоскворечье
1188,5-й Рощинский проезд,0609,Даниловский район
1189,улица Богданова,0816,район Солнцево
1190,улица Федосьино,0811,район Ново-Переделкино
1191,Наро-Фоминская улица,0816,район Солнцево
1192,улица Щорса,0816,район Солнцево
1193,Домостроительная улица,0816,район Солнцево
1194,Центральная площадь,1010,район Савёлки
1195,Сверчков переулок,0102,Басманный район
1196,улица Малыгина,0307,Лосиноостровский район
1197,Осташковский проезд,0307,Лосиноостровский район
1198,Таймырская улица,0307,Лосиноостровский район
1199,площадь Европы,0805,район Дорогомилово
1200,Каширский проезд,0612;0613,
1201,Большой Путинковский переулок,0108,Тверской район
1202,Малый Каретный переулок,0108,Тверской район
1203,Староватутинский проезд,0303,Бабушкинский район
1204,улица Генерала Дорохова,0809;0820,
1205,Инициативная улица,0819,район Фили-Давыдково
1206,Дорогобужская улица,0809,Можайский район
1207,Береговой проезд,0818,район Филёвский Парк
1208,Липецкая улица,0606,район Бирюлёво Восточное
1209,улица Наташи Ковшовой,0820,район Очаково-Матвеевское
1210,улица Скульптора Мухиной,0811,район Ново-Переделкино
1211,Новоорловская улица,0811,район Ново-Переделкино
1212,Костомаровская набережная,0107,Таганский район
1213,1-й Краснокурсантский проезд,0507,район Лефортово
1214,Мрузовский переулок,0102,Басманный район
1215,улица Радио,1005,район Крюково
1216,улица Радио,0102,Басманный район
1217,Школьная улица,0107,Таганский район
1218,Школьная улица,1005,район Крюково
1219,Школьная улица,1103,поселение Десеновское
1220,Школьная улица,1202,поселение Киевский
1221,Школьная улица,1104,поселение Кокошкино
1222,Школьная улица,1204,поселение Краснопахорское
1223,Школьная улица,1105,поселение Марушкинское
1224,Школьная улица,1206,поселение Новофедоровское
1225,Школьная улица,1207,поселение Первомайское
1226,Школьная улица,1210,поселение Щаповское
1227,Школьная улица,1111,поселение Щербинка
1228,Школьная улица,1209,поселение Троицк
1229,Школьная улица,1208,поселение Роговское
1230,Петроверигский переулок,0102,Басманный район
1231,Большой Спасоглинищевский переулок,0102,Басманный район
1232,Большой Трёхсвятительский переулок,0102,Басманный район
1233,Большой Казённый переулок,0102,Басманный район
1234,Таможенный проезд,0507,район Лефортово
1235,Солдатская улица,0507,район Лефортово
1236,Верхний Золоторожский переулок,0507,район Лефортово
1237,5-я Кабельная улица,0507,район Лефортово
1238,Шепелюгинская улица,0507,район Лефортово
1239,Лонгиновская улица,0507,район Лефортово
1240,Самокатная улица,0507,район Лефортово
1241,Несвижский переулок,0109,район Хамовники
1242,улица Льва Толстого,0109,район Хамовники
1243,улица Россолимо,0109,район Хамовники
1244,Смоленская улица,0101;0109,
1245,улица 10-летия Октября,0109,район Хамовники
1246,улица Знаменка,0101;0108;0109,
1247,улица Лужники,0109,район Хамовники
1248,Зубовская улица,0109,район Хамовники
1249,Кропоткинский переулок,0109,район Хамовники
1250,Хилков переулок,0109,район Хамовники
1251,Малый Саввинский переулок,0109,район Хамовники
1252,1-й переулок Тружеников,0109,район Хамовники
1253,улица Савельева,0109,район Хамовники
1254,переулок Хользунова,0109,район Хамовники
1255,Красная площадь,0108,Тверской район
1256,2-й Обыденский переулок,0109,район Хамовники
1257,Хитровский переулок,0102,Басманный район
1258,Подколокольный переулок,0102;0107,
1259,Андроньевская площадь,0107,Таганский район
1260,улица Золоторожский Вал,0107;0507,
1261,Хохловский переулок,0102,Басманный район
1262,Полимерная улица,0411,район Новогиреево
1263,Напольный проезд,0407;0411,
1264,улица Молостовых,0407,район Ивановское
1265,Салтыковская улица,0409;0412,
1266,Снайперская улица,0404,район Вешняки
1267,Саянская улица,0407,район Ивановское
1268,Косинская улица,0404,район Вешняки
1269,улица Молдагуловой,0404,район Вешняки
1270,Федеративный проспект,0407;0411;0413,
1271,Союзный проспект,0411,район Новогиреево
1272,Муромская улица,0409,район Косино-Ухтомский
1273,улица Плющева,0413,район Перово
1274,Фрязевская улица,0407;0411,
1275,Утренняя улица,0411;0413,
1276,Кетчерская улица,0404,район Вешняки
1277,улица Алексея Дикого,0411,район Новогиреево
1278,Электродная улица,0413,район Перово
1279,улица Лазо,0413,район Перово
1280,улица Измайловский Вал,0417;0415,
1281,улица Генерала Белова,0616;0617,
1282,Ключевая улица,0608,район Братеево
1283,Ключевая улица,1207,поселение Первомайское
1284,Луганская улица,0606;0618,
1285,Паромная улица,0608,район Братеево
1286,Загорьевская улица,0606,район Бирюлёво Восточное
1287,Борисовский проезд,0611;0616,
1288,Каспийская улица,0612;0618,
1289,2-й Нагатинский проезд,0613,район Нагатино-Садовники
1290,Алма-Атинская улица,0608,район Братеево
1291,Ереванская улица,0618,район Царицыно
1292,Деловая улица,0618,район Царицыно
1293,Коломенский проезд,0613,район Нагатино-Садовники
1294,улица Борисовские Пруды,0608;0612,
1295,Весёлая улица,1207,поселение Первомайское
1296,Весёлая улица,0618,район Царицыно
1297,Старокаширское шоссе,0613,район Нагатино-Садовники
1298,улица Бехтерева,0618,район Царицыно
1299,улица Москворечье,0612,район Москворечье-Сабурово
1300,Бирюлёвская улица,0606,район Бирюлёво Восточное
1301,Тамбовская улица,0617,район Орехово-Борисово Южное
1302,Задонский проезд,0611,район Зябликово
1303,Ясеневая улица,0617,район Орехово-Борисово Южное
1304,Ясеневая улица,1207,поселение Первомайское
1305,Загорьевский проезд,0606,район Бирюлёво Восточное
1306,Дольская улица,0616;0618,
1307,Кустанайская улица,0611,район Зябликово
1308,Ряжская улица,0606,район Бирюлёво Восточное
1309,Промышленная улица,0618,район Царицыно
1310,Промышленная улица,1209,поселение Троицк
1311,Автозаводская улица,0609,Даниловский район
1312,Кленовый бульвар,0614,район Нагатинский Затон
1313,Нижняя Радищевская улица,0107,Таганский район
1314,Гончарная улица,0107,Таганский район
1315,Народная улица,0107,Таганский район
1316,Яузская улица,0107,Таганский район
1317,1-й Котельнический переулок,0107,Таганский район
1318,Верхняя Радищевская улица,0107,Таганский район
1319,Восточная улица,1102,поселение Воскресенское
1320,Восточная улица,1207,поселение Первомайское
1321,Восточная улица,1108,поселение Рязановское
1322,Восточная улица,0609,Даниловский район
1323,Якорная улица,0614,район Нагатинский Затон
1324,улица Ленинская Слобода,0609,Даниловский район
1325,Коломенская набережная,0614,район Нагатинский Затон
1326,улица Садовники,0613,район Нагатино-Садовники
1327,1-й Кожуховский проезд,0609,Даниловский район
1328,Высокая улица,1108,поселение Рязановское
1329,Высокая улица,0613,район Нагатино-Садовники
1330,Гончарная набережная,0107,Таганский район
1331,Таганская площадь,0107,Таганский район
1332,улица Малые Каменщики,0107,Таганский район
1333,5-й Котельнический переулок,0107,Таганский район
1334,2-й Южнопортовый проезд,0511;0515,
1335,3-й Кожуховский проезд,0515,Южнопортовый район
1336,Снежная улица,0313,район Свиблово
1337,Снежная улица,1206,поселение Новофедоровское
1338,Снежная улица,1207,поселение Первомайское
1339,2-й Сельскохозяйственный проезд,0312,район Ростокино
1340,Магаданская улица,0307,Лосиноостровский район
1341,проезд Русанова,0313,район Свиблово
1342,Хибинский проезд,0317,Ярославский район
1343,Палехская улица,0317,Ярославский район
1344,Печорская улица,0303,Бабушкинский район
1345,улица Ротерта,0317,Ярославский район
1346,Малахитовая улица,0312,район Ростокино
1347,2-я Напрудная улица,0307,Лосиноостровский район
1348,Ленская улица,0303,Бабушкинский район
1349,Радужная улица,0303,Бабушкинский район
1350,Радужная улица,1201,поселение Вороновское
1351,Радужная улица,1106,поселение Московский
1352,Радужная улица,1206,поселение Новофедоровское
1353,Радужная улица,1207,поселение Первомайское
1354,Радужная улица,1111,поселение Щербинка
1355,Радужная улица,1209,поселение Троицк
1356,Олонецкий проезд,0303,Бабушкинский район
1357,улица Рудневой,0303,Бабушкинский район
1358,Федоскинская улица,0317,Ярославский район
1359,Норильская улица,0307,Лосиноостровский район
1360,Таёжная улица,0307,Лосиноостровский район
1361,1-я Напрудная улица,0307,Лосиноостровский район
1362,улица Седова,0313,район Свиблово
1363,Большой Сухаревский переулок,0105,Мещанский район
1364,Малый Сухаревский переулок,0105,Мещанский район
1365,Пушкарёв переулок,0105,Мещанский район
1366,Суворовская площадь,0105;0108,
1367,Кучин переулок,0301,Алексеевский район
1368,Пушечная улица,0105,Мещанский район
1369,Протопоповский переулок,0104;0105,
1370,Мурманский проезд,0310,Останкинский район
1371,Кулаков переулок,0301,Алексеевский район
1372,Напрудный переулок,0105,Мещанский район
1373,Банный проезд,0105,Мещанский район
1374,улица Годовикова,0310,Останкинский район
1375,переулок Васнецова,0105,Мещанский район
1376,1-я Останкинская улица,0310,Останкинский район
1377,улица Кондратюка,0310,Останкинский район
1378,Новомосковская улица,0310,Останкинский район
1379,1-й проезд Марьиной Рощи,0309,район Марьина Роща
1380,Малая Переяславская улица,0105,Мещанский район
1381,Староалексеевская улица,0301,Алексеевский район
1382,Графский переулок,0301,Алексеевский район
1383,Больничный переулок,0105,Мещанский район
1384,Глинистый переулок,0105,Мещанский район
1385,Аргуновская улица,0310,Останкинский район
1386,3-я Черепковская улица,0807,район Кунцево
1387,улица Толбухина,0809,Можайский район
1388,улица Толбухина,1111,поселение Щербинка
1389,Крылатская улица,0806;0807;0818;0905,
1390,Бобруйская улица,0807,район Кунцево
1391,улица Горбунова,0809,Можайский район
1392,улица Герасима Курина,0819,район Фили-Давыдково
1393,Молдавская улица,0807,район Кунцево
1394,Беловежская улица,0809,Можайский район
1395,Верейская улица,0809;0820,
1396,Осенняя улица,0806,район Крылатское
1397,Осенняя улица,1202,поселение Киевский
1398,Осенняя улица,1204,поселение Краснопахорское
1399,Осенняя улица,1207,поселение Первомайское
1400,Ельнинская улица,0807,район Кунцево
1401,Кременчугская улица,0819,район Фили-Давыдково
1402,Давыдковская улица,0819,район Фили-Давыдково
1403,улица Говорова,0809,Можайский район
1404,улица Красных Зорь,0809,Можайский район
1405,улица Ращупкина,0809,Можайский район
1406,улица Кубинка,0809,Можайский район
1407,улица Кутузова,0809,Можайский район
1408,улица Кутузова,1111,поселение Щербинка
1409,Гродненская улица,0809,Можайский район
1410,Полоцкая улица,0807,район Кунцево
1411,улица Ивана Франко,0807;0819,
1412,Оршанская улица,0807,район Кунцево
1413,Гжатская улица,0809,Можайский район
1414,улица Ватутина,1204,поселение Краснопахорское
1415,улица Ватутина,0819,район Фили-Давыдково
1416,Вяземская улица,0809;0820,
1417,улица Екатерины Будановой,0807,район Кунцево
1418,Карманицкий переулок,0101,район Арбат
1419,2-й Смоленский переулок,0101,район Арбат
1420,Троилинский переулок,0101,район Арбат
1421,улица Воздвиженка,0101,район Арбат
1422,Большой Кисловский переулок,0101;0106,
1423,1-й Николощеповский переулок,0101,район Арбат
1424,Проточный переулок,0101,район Арбат
1425,Малый Афанасьевский переулок,0101,район Арбат
1426,Брянская улица,0805,район Дорогомилово
1427,улица Дениса Давыдова,0805,район Дорогомилово
1428,улица 1812 Года,0805,район Дорогомилово
1429,улица Олеко Дундича,0818;0819,
1430,Новорублёвская улица,0807,район Кунцево
1431,2-я Фрезерная улица,0510,Нижегородский район
1432,улица Маршала Чуйкова,0506,район Кузьминки
1433,2-я Карачаровская улица,0510,Нижегородский район
1434,Самаркандский бульвар,0504,район Выхино-Жулебино
1435,улица Степана Шутова,0504;0508,
1436,Орехово-Зуевский проезд,0510,Нижегородский район
1437,1-й Вешняковский проезд,0513,Рязанский район
1438,улица Паперника,0513,Рязанский район
1439,шоссе Фрезер,0510,Нижегородский район
1440,Тихая улица,0508,район Люблино
1441,Тихая улица,1204,поселение Краснопахорское
1442,Тихая улица,1209,поселение Троицк
1443,улица Судакова,0508,район Люблино
1444,улица Шкулёва,0514,район Текстильщики
1445,улица Полбина,0511,район Печатники
1446,Новочеркасский бульвар,0509,район Марьино
1447,Донецкая улица,0509,район Марьино
1448,Совхозная улица,0508,район Люблино
1449,Совхозная улица,1206,поселение Новофедоровское
1450,Совхозная улица,1207,поселение Первомайское
1451,Совхозная улица,1111,поселение Щербинка
1452,8-я улица Текстильщиков,0514,район Текстильщики
1453,улица Нижние Поля,0508;0509,
1454,улица Гурьянова,0511,район Печатники
1455,Волжский бульвар,0506;0513;0514,
1456,1-я Курьяновская улица,0511,район Печатники
1457,Спортивный проезд,0508,район Люблино
1458,Батайский проезд,0509,район Марьино
1459,Мариупольская улица,0508,район Люблино
1460,улица Артюхиной,0514,район Текстильщики
1461,Подольская улица,0509,район Марьино
1462,Подольская улица,1108,поселение Рязановское
1463,Подольская улица,1111,поселение Щербинка
1464,1-й Курьяновский проезд,0511,район Печатники
1465,Грайвороновская улица,0514,район Текстильщики
1466,1-й Саратовский проезд,0514,район Текстильщики
1467,Большой Дровяной переулок,0107,Таганский район
1468,Товарищеский переулок,0107,Таганский район
1469,улица Александра Солженицына,0107,Таганский район
1470,улица Солянка,0102;0107,
1471,Певческий переулок,0107,Таганский район
1472,Николоямская улица,0107,Таганский район
1473,Вековая улица,0107,Таганский район
1474,Тессинский переулок,0107,Таганский район
1475,Рабочая улица,0107,Таганский район
1476,Рабочая улица,1202,поселение Киевский
1477,Рабочая улица,1203,поселение Кленовское
1478,Рабочая улица,1206,поселение Новофедоровское
1479,Рабочая улица,1207,поселение Первомайское
1480,Рабочая улица,1111,поселение Щербинка
1481,Рабочая улица,1209,поселение Троицк
1482,Рабочая улица,1105,поселение Марушкинское
1483,Рабочая улица,1012,район Старое Крюково
1484,Большая Калитниковская улица,0107,Таганский район
1485,Славянская площадь,0107;0108,
1486,Тетеринский переулок,0107,Таганский район
1487,Библиотечная улица,0107,Таганский район
1488,Новорогожская улица,0107,Таганский район
1489,Берниковская набережная,0107,Таганский район
1490,Малый Полуярославский переулок,0107,Таганский район
1491,Большой Полуярославский переулок,0102;0107,
1492,Стройковская улица,0107,Таганский район
1493,улица Рогожский Вал,0107,Таганский район
1494,Добровольческая улица,0107,Таганский район
1495,Остаповский проезд,0510;0514,
1496,Ильменский проезд,0209,район Западное Дегунино
1497,2-й Кожевнический переулок,0609,Даниловский район
1498,улица Инессы Арманд,0712,район Ясенево
1499,Ратная улица,0708,район Северное Бутово
1500,Феодосийская улица,0708,район Северное Бутово
1501,Турчанинов переулок,0109,район Хамовники
1502,Песочная аллея,0418,район Сокольники
1503,улица Ляпидевского,0216,район Ховрино
1504,улица Бирюсинка,0406,район Гольяново
1505,Пермская улица,0403;0410,
1506,1-й Кирпичный переулок,0417,район Соколиная Гора
1507,Лермонтовский проспект,0504,район Выхино-Жулебино
1508,Котляковская улица,0612,район Москворечье-Сабурово
1509,1-й Варшавский проезд,0612,район Москворечье-Сабурово
1510,Учинская улица,0208,Дмитровский район
1511,Никулинская улица,0817;0820,
1512,Нарвская улица,0205;0207;0210,
1513,Чукотский проезд,0303,Бабушкинский район
1514,Ижорская улица,0208;0209,
1515,Кремлёвская набережная,0109,район Хамовники
1516,улица Уткина,0413;0417,
1517,Лукинская улица,0811,район Ново-Переделкино
1518,Боровский проезд,0816,район Солнцево
1519,улица Академика Павлова,0807,район Кунцево
1520,проезд Черепановых,0210,район Коптево
1521,Олонецкая улица,0310;0311,
1522,2-я Хуторская улица,0213,Савёловский район
1523,проезд № 4801,1009,район Матушкино
1524,улица Новая Дорога,0102,Басманный район
1525,Электрозаводская улица,0415;0417,
1526,проезд Завода Серп и Молот,0507,район Лефортово
1527,3-й Кадашёвский переулок,0110,район Якиманка
1528,Чермянская улица,0314;0316,
1529,1-й Дорожный проезд,1104,поселение Кокошкино
1530,1-й Дорожный проезд,0620,район Чертаново Центральное
1531,Новомарьинская улица,0509,район Марьино
1532,4-й Лихачёвский переулок,0207,Головинский район
1533,Новохохловская улица,0510,Нижегородский район
1534,улица Василия Петушкова,0908,район Южное Тушино
1535,1-й Волоколамский проезд,0907,район Щукино
1536,Складочная улица,0305;0309,
1537,Венёвская улица,1201,поселение Вороновское
1538,Венёвская улица,0711,район Южное Бутово
1539,улица Поляны,0708;0711,
1540,Югорский проезд,0317,Ярославский район
1541,Монтажная улица,0406;0410,
1542,площадь Тверская Застава,0108,Тверской район
1543,Багратионовский проезд,0818,район Филёвский Парк
1544,1-я Мытищинская улица,0301,Алексеевский район
1545,улица Касаткина,0301,Алексеевский район
1546,улица Лётчика Бабушкина,0303;0307;0313,
1547,улица Сергея Эйзенштейна,0310;0312,
1548,Зубарев переулок,0301,Алексеевский район
1549,3-я Мытищинская улица,0301,Алексеевский район
1550,12-й проезд Марьиной Рощи,0309,район Марьина Роща
1551,улица Вильгельма Пика,0310;0312,
1552,Выползов переулок,0105,Мещанский район
1553,Анненский проезд,0309,район Марьина Роща
1554,Лианозовский проезд,0306,район Лианозово
1555,Анненская улица,0309,район Марьина Роща
1556,3-й проезд Марьиной Рощи,0309,район Марьина Роща
1557,Чермянский проезд,0314,район Северное Медведково
1558,улица Бегичева,0302,Алтуфьевский район
1559,Старомарьинское шоссе,0309,район Марьина Роща
1560,Тайнинская улица,0307,Лосиноостровский район
1561,Новоалексеевская улица,0301,Алексеевский район
1562,Калибровская улица,0310,Останкинский район
1563,1-й Рижский переулок,0301,Алексеевский район
1564,Сигнальный проезд,0203;0311,
1565,Малая Ботаническая улица,0308,район Марфино
1566,Полковая улица,0309,район Марьина Роща
1567,Хованская улица,0310,Останкинский район
1568,87-й километр Московской Кольцевой Автодороги,0304,район Бибирево
1569,площадь Борьбы,0108;0309,
1570,Отрадный проезд,0311,район Отрадное
1571,улица Римского-Корсакова,0311,район Отрадное
1572,Лосевская улица,0317,Ярославский район
1573,82-й километр Московской Кольцевой Автодороги,0306;0315,
1574,Ростокинская улица,0312,район Ростокино
1575,1-й Сельскохозяйственный проезд,0312,район Ростокино
1576,Юрловский проезд,0311,район Отрадное
1577,1-й Ботанический проезд,0313,район Свиблово
1578,проезд Серебрякова,0312;0313,
1579,Челобитьевское шоссе,0315,район Северный
1580,улица Двинцев,0309,район Марьина Роща
1581,Высоковольтный проезд,0311,район Отрадное
1582,17-й проезд Марьиной Рощи,0309,район Марьина Роща
1583,Уржумская улица,0313,район Свиблово
1584,2-я Ямская улица,0309,район Марьина Роща
1585,улица Константинова,0301,Алексеевский район
1586,Черницынский проезд,0406,район Гольяново
1587,бульвар Маршала Рокоссовского,0403,район Богородское
1588,Большая Оленья улица,0418,район Сокольники
1589,Ольховская улица,0102;0104,
1590,1-я Гражданская улица,0403,район Богородское
1591,Иркутская улица,0406,район Гольяново
1592,Тагильская улица,0406;0410,
1593,1-я улица Бухвостова,0415,район Преображенское
1594,2-й Иртышский проезд,0406,район Гольяново
1595,улица Олений Вал,0418,район Сокольники
1596,1-я Пугачёвская улица,0415,район Преображенское
1597,улица Шумкина,0418,район Сокольники
1598,улица Барболина,0418,район Сокольники
1599,1-я Мясниковская улица,0403,район Богородское
1600,Оренбургская улица,0409,район Косино-Ухтомский
1601,проезд Сокольнического Круга,0418,район Сокольники
1602,104-й километр Московской Кольцевой Автодороги,0406,район Гольяново
1603,улица Медведева,0409,район Косино-Ухтомский
1604,улица Татьяны Макаровой,0409,район Косино-Ухтомский
1605,Большая Остроумовская улица,0418,район Сокольники
1606,Старослободская улица,0418,район Сокольники
1607,Гаражная улица,0417,район Соколиная Гора
1608,улица 9 Мая,0414,район Восточный
1609,Мироновская улица,0417,район Соколиная Гора
1610,Вольная улица,1206,поселение Новофедоровское
1611,Вольная улица,0417,район Соколиная Гора
1612,1-й проезд Перова Поля,0413,район Перово
1613,Барабанный переулок,0417,район Соколиная Гора
1614,Златоустовская улица,0409,район Косино-Ухтомский
1615,Курганская улица,0406,район Гольяново
1616,Нижний Журавлёв переулок,0415;0417,
1617,3-я Рыбинская улица,0418,район Сокольники
1618,Русаковская набережная,0418,район Сокольники
1619,Кузьминская улица,0504;0506,
1620,Иловайская улица,0508;0509,
1621,1-я Карачаровская улица,0510,Нижегородский район
1622,Хвалынский бульвар,0504,район Выхино-Жулебино
1623,Сормовская улица,0504,район Выхино-Жулебино
1624,Новоостаповская улица,0515,Южнопортовый район
1625,Угрешская улица,0511,район Печатники
1626,Волочаевская улица,0107;0507,
1627,Подъёмная улица,0510,Нижегородский район
1628,Перервинский бульвар,0509,район Марьино
1629,Смирновская улица,0510,Нижегородский район
1630,Цимлянская улица,0508,район Люблино
1631,2-й Курьяновский проезд,0511,район Печатники
1632,2-я Вольская улица,0512,район Некрасовка
1633,Егорьевский проезд,0508,район Люблино
1634,Перовский проезд,0507;0510,
1635,Автомобильный проезд,0510,Нижегородский район
1636,Басовская улица,0510,Нижегородский район
1637,Новороссийская улица,0508,район Люблино
1638,Красноказарменный проезд,0507,район Лефортово
1639,11-я улица Текстильщиков,0514,район Текстильщики
1640,улица Марьинский Парк,0509;0508,
1641,4-й Вешняковский проезд,0513,Рязанский район
1642,Зарайская улица,0513,Рязанский район
1643,4-я Кабельная улица,0507,район Лефортово
1644,улица Капотня,0505,район Капотня
1645,Армавирская улица,0508,район Люблино
1646,Сормовский проезд,0504,район Выхино-Жулебино
1647,Есенинский бульвар,0506,район Кузьминки
1648,2-й Кабельный проезд,0507,район Лефортово
1649,6-я Кожуховская улица,0515,Южнопортовый район
1650,Тарханская улица,0504,район Выхино-Жулебино
1651,улица Крутицкий Вал,0515,Южнопортовый район
1652,7-я Кожуховская улица,0515,Южнопортовый район
1653,Покровская улица,0512,район Некрасовка
1654,38-й километр Московской Кольцевой Автодороги,0712,район Ясенево
1655,Голубинская улица,0712,район Ясенево
1656,улица Академика Варги,0709,район Тёплый Стан
1657,Сивашская улица,0703,район Зюзино
1658,улица Генерала Антонова,0704,район Коньково
1659,улица Саморы Машела,0707,Обручевский район
1660,42-й километр Московской Кольцевой Автодороги,0709,район Тёплый Стан
1661,Научный проезд,0710,район Черёмушки
1662,Куликовская улица,0708,район Северное Бутово
1663,Изюмская улица,0711,район Южное Бутово
1664,Джанкойская улица,0711,район Южное Бутово
1665,3-я Железногорская улица,0711,район Южное Бутово
1666,Бартеневская улица,0711,район Южное Бутово
1667,Старобитцевская улица,0708,район Северное Бутово
1668,аллея Витте,0711,район Южное Бутово
1669,улица Горчакова,0711,район Южное Бутово
1670,улица Адмирала Руднева,0711,район Южное Бутово
1671,улица Кадырова,0711,район Южное Бутово
1672,Новобутовский проезд,0711,район Южное Бутово
1673,улица Академика Понтрягина,0711,район Южное Бутово
1674,улица Брусилова,0711,район Южное Бутово
1675,Летниковская улица,0103;0609,
1676,Синельниковская улица,0711,район Южное Бутово
1677,улица Академика Арцимовича,0704,район Коньково
1678,Якиманская набережная,0110,район Якиманка
1679,улица Академика Опарина,0704;0707,
1680,улица Щипок,0103,район Замоскворечье
1681,улица Винокурова,0701;0705,
1682,Болотная набережная,0110,район Якиманка
1683,Малая Очаковская улица,0820,район Очаково-Матвеевское
1684,проезд Стройкомбината,0820,район Очаково-Матвеевское
1685,Трубецкая улица,0109,район Хамовники
1686,Манежная площадь,0108,Тверской район
1687,Большая Внуковская улица,0813,район Внуково
1688,площадь Джавахарлала Неру,0702;0815,
1689,улица Улофа Пальме,0815,район Раменки
1690,Староваганьковский переулок,0101,район Арбат
1691,Аминьевское шоссе,0809;0819;0820,
1692,Смоленская площадь,0101,район Арбат
1693,улица Неверовского,0805,район Дорогомилово
1694,улица Клочкова,0819,район Фили-Давыдково
1695,56-й километр Московской Кольцевой Автодороги,0809,Можайский район
1696,Островная улица,0806,район Крылатское
1697,площадь Киевского Вокзала,0805,район Дорогомилово
1698,Волоцкой переулок,0902,район Митино
1699,Новопоселковая улица,0908,район Южное Тушино
1700,Пенягинская улица,0902,район Митино
1701,улица Рогова,0907,район Щукино
1702,74-й километр Московской Кольцевой Автодороги,0901;0904,
1703,65-й километр Московской Кольцевой Автодороги,0905,район Строгино
1704,67-й километр Московской Кольцевой Автодороги,0905,район Строгино
1705,улица Саляма Адиля,0906,район Хорошёво-Мнёвники
1706,улица Шеногина,0906,район Хорошёво-Мнёвники
1707,1-й Митинский переулок,0902,район Митино
1708,Ландышевая улица,0901,район Куркино
1709,Ландышевая улица,1102,поселение Воскресенское
1710,улица Рословка,0902,район Митино
1711,Светлогорский проезд,0908,район Южное Тушино
1712,Походный проезд,0903;0908,
1713,73-й километр Московской Кольцевой Автодороги,0901;0904,
1714,улица Зенитчиков,0902,район Митино
1715,Юровская улица,0901,район Куркино
1716,улица Маршала Прошлякова,0905,район Строгино
1717,Таманская улица,0906,район Хорошёво-Мнёвники
1718,Таманская улица,1206,поселение Новофедоровское
1719,Неманский проезд,0905,район Строгино
1720,площадь Академика Курчатова,0907,район Щукино
1721,Краснопролетарская улица,0108,Тверской район
1722,1-я улица Ямского Поля,0202,район Беговой
1723,Бумажный проезд,0202,район Беговой
1724,улица Адмирала Макарова,0205,Войковский район
1725,1-я Магистральная улица,0217,Хорошёвский район
1726,улица Викторенко,0217,Хорошёвский район
1727,5-я Магистральная улица,0217,Хорошёвский район
1728,Малый Коптевский проезд,0201,район Аэропорт
1729,1-й Магистральный тупик,0217,Хорошёвский район
1730,Правобережная улица,0211,район Левобережный
1731,1-я Аэропортовская улица,0201,район Аэропорт
1732,4-я улица 8 Марта,0201,район Аэропорт
1733,Ходынский бульвар,0217,Хорошёвский район
1734,Песчаная улица,0214,район Сокол
1735,Песчаная улица,1209,поселение Троицк
1736,Театральная аллея,0201,район Аэропорт
1737,Балтийская улица,0201;0214,
1738,Международное шоссе,0212,Молжаниновский район
1739,Локомотивный проезд,0215,Тимирязевский район
1740,Соболевский проезд,0210,район Коптево
1741,Автомоторная улица,0207,Головинский район
1742,Базовская улица,0209,район Западное Дегунино
1743,Коптевский бульвар,0210,район Коптево
1744,улица Гашека,0106;0108,
1745,Зоологическая улица,0106,Пресненский район
1746,улица Вторая Пятилетка,1005,район Крюково
1747,Панфиловский проспект,1005;1009;1011;1012,
1748,площадь Шокина,1012,район Старое Крюково
1749,Георгиевский проспект,1005;1012,
1750,Савёлкинский проезд,1010,район Савёлки
1751,Новокрюковская улица,1005,район Крюково
1752,Солнечная аллея,1012,район Старое Крюково
1753,Яблоневая аллея,1010,район Савёлки
1754,улица Павла Андреева,0103;0609,
1755,Крюковская площадь,1012,район Старое Крюково
1756,Озёрная аллея,1010;1012,
1757,улица Гоголя,1101,поселение Внуковское
1758,улица Гоголя,1104,поселение Кокошкино
1759,улица Гоголя,1111,поселение Щербинка
1760,улица Гоголя,1011,район Силино
1761,Педагогическая улица,0606,район Бирюлёво Восточное
1762,5-й Донской проезд,0610,Донской район
1763,улица Маршала Захарова,0616,район Орехово-Борисово Северное
1764,2-й Рощинский проезд,0610,Донской район
1765,Хлебозаводский проезд,0613,район Нагатино-Садовники
1766,Братеевская улица,0608,район Братеево
1767,Ореховый проезд,0611,район Зябликово
1768,28-й километр Московской Кольцевой Автодороги,0606,район Бирюлёво Восточное
1769,1-й Котляковский переулок,0612;0618,
1770,Городская улица,1206,поселение Новофедоровское
1771,Городская улица,1209,поселение Троицк
1772,Городская улица,0609,Даниловский район
1773,3-й Павелецкий проезд,0609,Даниловский район
1774,Павелецкая набережная,0609,Даниловский район
1775,Электролитный проезд,0615,Нагорный район
1776,Криворожская улица,0615,Нагорный район
1777,Затонная улица,0614,район Нагатинский Затон
1778,улица Кошкина,0612,район Москворечье-Сабурово
1779,4-й Рощинский проезд,0609,Даниловский район
1780,Мелитопольская улица,0607,район Бирюлёво Западное
1781,Партийный переулок,0609,Даниловский район
1782,Дербеневская набережная,0609,Даниловский район
1783,Ступинский проезд,0607,район Бирюлёво Западное
1784,Большой Староданиловский переулок,0609,Даниловский район
1785,26-й километр Московской Кольцевой Автодороги,0606,район Бирюлёво Восточное
1786,Холодильный переулок,0609,Даниловский район
1787,19-й километр Московской Кольцевой Автодороги,0617,район Орехово-Борисово Южное
1788,2-й Котляковский переулок,0612,район Москворечье-Сабурово
1789,1-й Автозаводский проезд,0609,Даниловский район
1790,Касимовская улица,0606,район Бирюлёво Восточное
1791,улица Кирпичные Выемки,0621,район Чертаново Южное
1792,Новоданиловская набережная,0610,Донской район
1793,Бесединское шоссе,0608;0611,
1794,Россошанская улица,0621,район Чертаново Южное
1795,Черноморский бульвар,0615;0703,
1796,3-й Павловский переулок,0609,Даниловский район
1797,Духовской переулок,0609;0610,
1798,улица Лефортовский Вал,0507,район Лефортово
1799,7-я улица Лазенки,0811,район Ново-Переделкино
1800,Интернациональная улица,0813,район Внуково
1801,6-я улица Лазенки,0811,район Ново-Переделкино
1802,Аэрофлотская улица,0813,район Внуково
1803,улица Главмосстроя,0816,район Солнцево
1804,2-я Рейсовая улица,0813,район Внуково
1805,улица Зацепа,0103,район Замоскворечье
1806,Софийская набережная,0110,район Якиманка
1807,Лыщиков переулок,0107,Таганский район
1808,Солянский тупик,0107,Таганский район
1809,Малый Ивановский переулок,0102,Басманный район
1810,улица Варварка,0108,Тверской район
1811,Сибирский проезд,0107,Таганский район
1812,Романов переулок,0101,район Арбат
1813,набережная Академика Туполева,0102,Басманный район
1814,1-й Казачий переулок,0110,район Якиманка
1815,Нижняя Сыромятническая улица,0102,Басманный район
1816,улица Фадеева,0108,Тверской район
1817,Наставнический переулок,0107,Таганский район
1818,2-я Дубровская улица,0107,Таганский район
1819,1-й Голутвинский переулок,0110,район Якиманка
1820,Гжельский переулок,0107,Таганский район
1821,Калошин переулок,0101,район Арбат
1822,Тихвинский переулок,0108,Тверской район
1823,Серпуховская площадь,0103;0110,
1824,Нижний Сусальный переулок,0102,Басманный район
1825,1-й Гончарный переулок,0107,Таганский район
1826,Донская улица,0110;0610,
1827,Успенский переулок,0108,Тверской район
1828,улица Высоцкого,0107,Таганский район
1829,4-й Сыромятнический переулок,0102,Басманный район
1830,переулок Красина,0106,Пресненский район
1831,Спартаковская площадь,0102,Басманный район
1832,Денежный переулок,0101;0109,
1833,Новолесная улица,0108,Тверской район
1834,1-я Миусская улица,0108,Тверской район
1835,4-й Лесной переулок,0108,Тверской район
1836,Средняя Калитниковская улица,0107;0510,
1837,Пожарский переулок,0109,район Хамовники
1838,Большой Строченовский переулок,0103,район Замоскворечье
1839,Госпитальный переулок,0102,Басманный район
1840,Тургеневская площадь,0104,Красносельский район
1841,Малая Грузинская улица,0106,Пресненский район
1842,Малый Казённый переулок,0102,Басманный район
1843,Бутиковский переулок,0109,район Хамовники
1844,Трубная площадь,0105;0108,
1845,Серебряническая набережная,0107,Таганский район
1846,Пресненская набережная,0106,Пресненский район
1847,Тихий тупик,0107,Таганский район
1848,Нижний Кисловский переулок,0101;0106,
1849,Ботанический переулок,0105,Мещанский район
1850,улица Охотный Ряд,0108,Тверской район
1851,7-й Ростовский переулок,0109,район Хамовники
1852,Пуговишников переулок,0109,район Хамовники
1853,Ковров переулок,0107,Таганский район
1854,Стрельбищенский переулок,0106,Пресненский район
1855,улица Сергея Макеева,0106,Пресненский район
1856,Большой Знаменский переулок,0101;0109,
1857,Брошевский переулок,0107,Таганский район
1858,2-й Сыромятнический переулок,0107,Таганский район
1859,Известковый переулок,0107,Таганский район
1860,2-й Красносельский переулок,0104,Красносельский район
1861,1-й Красногвардейский проезд,0106,Пресненский район
1862,Верхняя Сыромятническая улица,0102;0107,
1863,1-й Заречный переулок,1206,поселение Новофедоровское
1864,Солнечная улица,0618,район Царицыно
1865,Солнечная улица,1012,район Старое Крюково
1866,Солнечная улица,1201,поселение Вороновское
1867,Солнечная улица,1102,поселение Воскресенское
1868,Солнечная улица,1202,поселение Киевский
1869,Солнечная улица,1204,поселение Краснопахорское
1870,Солнечная улица,1105,поселение Марушкинское
1871,Солнечная улица,1106,поселение Московский
1872,Солнечная улица,1206,поселение Новофедоровское
1873,Солнечная улица,1207,поселение Первомайское
1874,Солнечная улица,1208,поселение Роговское
1875,Солнечная улица,1108,поселение Рязановское
1876,Солнечная улица,1209,поселение Троицк
1877,Большая Октябрьская улица,1209,поселение Троицк
1878,Калужское шоссе,1204;1209,
1879,Центральная улица,0813,район Внуково
1880,Центральная улица,0902,район Митино
1881,Центральная улица,1201,поселение Вороновское
1882,Центральная улица,1102,поселение Воскресенское
1883,Центральная улица,1103,поселение Десеновское
1884,Центральная улица,1202,поселение Киевский
1885,Центральная улица,1203,поселение Кленовское
1886,Центральная улица,1204,поселение Краснопахорское
1887,Центральная улица,1105,поселение Марушкинское
1888,Центральная улица,1205,поселение Михайлово-Ярцевское
1889,Центральная улица,1106,поселение Московский
1890,Центральная улица,1206,поселение Новофедоровское
1891,Центральная улица,1207,поселение Первомайское
1892,Центральная улица,1208,поселение Роговское
1893,Центральная улица,1108,поселение Рязановское
1894,Центральная улица,1210,поселение Щаповское
1895,Центральная улица,1209,поселение Троицк
1896,улица Барышевская Роща,1111,поселение Щербинка
1897,Новостроевская улица,1111,поселение Щербинка
1898,Пушкинская улица,1111,поселение Щербинка
1899,Троицкий бульвар,1209,поселение Троицк
1900,Железнодорожная улица,1101,поселение Внуковское
1901,Железнодорожная улица,1202,поселение Киевский
1902,Железнодорожная улица,1104,поселение Кокошкино
1903,Железнодорожная улица,1206,поселение Новофедоровское
1904,Железнодорожная улица,1111,поселение Щербинка
1905,Железнодорожная улица,1012,район Старое Крюково
1906,Железнодорожная улица,0813,район Внуково
1907,Железнодорожная улица,0212,Молжаниновский район
1908,улица 40 лет Октября,1111,поселение Щербинка
1909,Долгопрудненское шоссе,0315,район Северный
1910,7-я Северная линия,0315,район Северный
1911,улица Каманина,0306,район Лианозово
1912,Митьковский проезд,0418,район Сокольники
1913,Новопресненский переулок,0106,Пресненский район
1914,улица Сайкина,0515;0609,
1915,Калашный переулок,0101;0106,
1916,Шубинский переулок,0101,район Арбат
1917,проезд Добролюбова,0305,Бутырский район
1918,6-й Лучевой просек,0418,район Сокольники
1919,2-й Лучевой просек,0418,район Сокольники
1920,3-й Лучевой просек,0418,район Сокольники
1921,улица Расплетина,0907,район Щукино
1922,Полевая улица,0813,район Внуково
1923,Полевая улица,0711,район Южное Бутово
1924,Полевая улица,1101,поселение Внуковское
1925,Полевая улица,1102,поселение Воскресенское
1926,Полевая улица,1103,поселение Десеновское
1927,Полевая улица,1202,поселение Киевский
1928,Полевая улица,1104,поселение Кокошкино
1929,Полевая улица,1204,поселение Краснопахорское
1930,Полевая улица,1105,поселение Марушкинское
1931,Полевая улица,1205,поселение Михайлово-Ярцевское
1932,Полевая улица,1106,поселение Московский
1933,Полевая улица,1206,поселение Новофедоровское
1934,Полевая улица,1207,поселение Первомайское
1935,Полевая улица,1208,поселение Роговское
1936,Полевая улица,1108,поселение Рязановское
1937,улица Хабарова,1106,поселение Московский
1938,улица Малая Полянка,0110,район Якиманка
1939,6-я улица Новые Сады,0811,район Ново-Переделкино
1940,Причальный проезд,0106;0906,
1941,улица Мещерякова,0903,район Покровское-Стрешнево
1942,Харьковская улица,0607,район Бирюлёво Западное
1943,улица Габричевского,0903,район Покровское-Стрешнево
1944,Мансуровский переулок,0109,район Хамовники
1945,переулок Маяковского,0107,Таганский район
1946,Большой Палашёвский переулок,0106;0108,
1947,площадь Журавлёва,0415;0417,
1948,Колодезный переулок,0418,район Сокольники
1949,улица Старый Гай,0404,район Вешняки
1950,Садовая-Сухаревская улица,0105,Мещанский район
1951,1-я Чоботовская аллея,0811,район Ново-Переделкино
1952,2-я Рощинская улица,0609,Даниловский район
1953,Нагатинский бульвар,0613,район Нагатино-Садовники
1954,Московская улица,0816,район Солнцево
1955,Московская улица,0813,район Внуково
1956,Московская улица,1103,поселение Десеновское
1957,Московская улица,1104,поселение Кокошкино
1958,Московская улица,1106,поселение Московский
1959,Московская улица,1206,поселение Новофедоровское
1960,Московская улица,1207,поселение Первомайское
1961,Московская улица,1111,поселение Щербинка
1962,Московская улица,1105,поселение Марушкинское
1963,Академическая площадь,1209,поселение Троицк
1964,Игарский проезд,0313,район Свиблово
1965,Каскадная улица,0409,район Косино-Ухтомский
1966,Верхняя Первомайская улица,0405;0408,
1967,Дмитровский переулок,0108,Тверской район
1968,Прохладная улица,0606,район Бирюлёво Восточное
1969,Михневский проезд,0606,район Бирюлёво Восточное
1970,Пестовский переулок,0107,Таганский район
1971,улица Дубки,0215,Тимирязевский район
1972,Якиманский переулок,0110,район Якиманка
1973,улица Бианки,1106,поселение Московский
1974,Костомаровский переулок,0107,Таганский район
1975,Красногвардейский бульвар,0106,Пресненский район
1976,Большой Николопесковский переулок,0101,район Арбат
1977,Доброслободская улица,0102,Басманный район
1978,Пяловская улица,0209,район Западное Дегунино
1979,улица Полины Осипенко,0217,Хорошёвский район
1980,улица Ефремова,0109,район Хамовники
1981,Днепропетровский проезд,0620,район Чертаново Центральное
1982,Большой Кисельный переулок,0105,Мещанский район
1983,Зюзинская улица,0710,район Черёмушки
1984,Новолужнецкий проезд,0109,район Хамовники
1985,Малый Толмачёвский переулок,0110,район Якиманка
1986,улица Знаменские Садки,0708,район Северное Бутово
1987,30-й километр Московской Кольцевой Автодороги,0607,район Бирюлёво Западное
1988,31-й километр Московской Кольцевой Автодороги,0607,район Бирюлёво Западное
1989,Никитский переулок,0108,Тверской район
1990,78-й километр Московской Кольцевой Автодороги,0209,район Западное Дегунино
1991,Фролов переулок,0104,Красносельский район
1992,бульвар Генерала Карбышева,0906,район Хорошёво-Мнёвники
1993,5-й Монетчиковский переулок,0103,район Замоскворечье
1994,улица Полковника Милиции Курочкина,1209,поселение Троицк
1995,Ялтинская улица,0615,Нагорный район
1996,Физическая улица,1209,поселение Троицк
1997,34-й километр Московской Кольцевой Автодороги,0708;0712,
1998,Богословский переулок,0106,Пресненский район
1999,Боровая улица,0507,район Лефортово
2000,Бродников переулок,0110,район Якиманка
2001,2-й Войковский проезд,0205,Войковский район
2002,4-я Гражданская улица,0403,район Богородское
2003,Жигулёвская улица,0506,район Кузьминки
2004,Ермолаевский переулок,0106,Пресненский район
2005,улица Анатолия Живова,0106,Пресненский район
2006,улица Академика Комарова,0308,район Марфино
2007,улица Медиков,0618,район Царицыно
2008,Молодёжная улица,0702,Гагаринский район
2009,Молодёжная улица,1202,поселение Киевский
2010,Молодёжная улица,1104,поселение Кокошкино
2011,Молодёжная улица,1105,поселение Марушкинское
2012,Молодёжная улица,1108,поселение Рязановское
2013,Молодёжная улица,1111,поселение Щербинка
2014,Молодёжная улица,1209,поселение Троицк
2015,улица Можайский Вал,0805,район Дорогомилово
2016,Сумская улица,0619,район Чертаново Северное
2017,7-я улица Текстильщиков,0514,район Текстильщики
2018,Архангельский переулок,0102,Басманный район
2019,улица Бажова,0312,район Ростокино
2020,улица Пржевальского,0820,район Очаково-Матвеевское
2021,улица Раевского,0805,район Дорогомилово
2022,Рождественская улица,0512,район Некрасовка
2023,Рождественская улица,1202,поселение Киевский
2024,Рождественская улица,1207,поселение Первомайское
2025,Рождественская улица,1209,поселение Троицк
2026,улица Липчанского,0512,район Некрасовка
2027,улица Недорубова,0512,район Некрасовка
2028,Красностуденческий проезд,0215,Тимирязевский район
2029,Большой Симоновский переулок,0107,Таганский район
2030,улица Никитина,1106,поселение Московский
2031,Спартаковский переулок,0102,Басманный район
2032,Малый Златоустинский переулок,0102,Басманный район
2033,2-й Балтийский переулок,0201,район Аэропорт
2034,Малый Конюшковский переулок,0106,Пресненский район
2035,8-я улица Соколиной Горы,0408;0417,
2036,9-я улица Соколиной Горы,0417,район Соколиная Гора
2037,4-я Магистральная улица,0217,Хорошёвский район
2038,Козицкий переулок,0108,Тверской район
2039,Электродный проезд,0417,район Соколиная Гора
2040,Михневская улица,0606,район Бирюлёво Восточное
2041,улица Шумилова,0506,район Кузьминки
2042,1-я улица Текстильщиков,0514,район Текстильщики
2043,Газгольдерная улица,0510,Нижегородский район
2044,8-й проезд Марьиной Рощи,0309,район Марьина Роща
2045,проезд Нансена,0313,район Свиблово
2046,Нововладыкинский проезд,0311,район Отрадное
2047,улица Советской Армии,0105;0309,
2048,5-й проезд Марьиной Рощи,0309,район Марьина Роща
2049,2-я Рыбинская улица,0418,район Сокольники
2050,2-я улица Энтузиастов,0413,район Перово
2051,проезд Одоевского,0712,район Ясенево
2052,улица Бунинская Аллея,0711,район Южное Бутово
2053,улица Генерала Глаголева,0906,район Хорошёво-Мнёвники
2054,Строительный проезд,0908,район Южное Тушино
2055,Старопетровский проезд,0205,Войковский район
2056,Привокзальная площадь,1005,район Крюково
2057,Большая Декабрьская улица,0106,Пресненский район
2058,Плотников переулок,0101;0109,
2059,Тишинская площадь,0106,Пресненский район
2060,Садовнический проезд,0103,район Замоскворечье
2061,Малая Андроньевская улица,0107,Таганский район
2062,Бутовский тупик,1111,поселение Щербинка
2063,бульвар Академика Ландау,0315,район Северный
2064,улица Тюрина,0606,район Бирюлёво Восточное
2065,1-й Стрелецкий проезд,0309,район Марьина Роща
2066,улица Авиаконструктора Микояна,0217,Хорошёвский район
2067,Северодвинская улица,0314,район Северное Медведково
2068,4-й Кожевнический переулок,0609,Даниловский район
2069,Малая Тульская улица,0609;0610,
2070,Мерзляковский переулок,0101;0106,
2071,Электрический переулок,0106,Пресненский район
2072,Лазоревый проезд,0313,район Свиблово
2073,Гранатный переулок,0106,Пресненский район
2074,Выборгская улица,0205,Войковский район
2075,улица Атарбекова,0415,район Преображенское
2076,Волховский переулок,0102,Басманный район
2077,проезд Донелайтиса,0908,район Южное Тушино
2078,улица Маршала Мерецкова,0907,район Щукино
2079,2-я Прядильная улица,0408,район Измайлово
2080,Челюскинская улица,0307,Лосиноостровский район
2081,улица Захарьинские Дворики,0711,район Южное Бутово
2082,Базовая улица,0813,район Внуково
2083,Симферопольский проезд,0615,Нагорный район
2084,Скатертный переулок,0101;0106,
2085,3-й Лихачёвский переулок,0207,Головинский район
2086,2-й Кожуховский проезд,0609,Даниловский район
2087,улица Кухмистерова,0511,район Печатники
2088,Народный проспект,0408,район Измайлово
2089,Вересковая улица,0313,район Свиблово
2090,Кольская улица,0303;0313,
2091,улица Красная Сосна,0317,Ярославский район
2092,1-й Лучевой просек,0418,район Сокольники
2093,проспект 40 лет Октября,0508,район Люблино
2094,улица Айвазовского,0712,район Ясенево
2095,Тарусская улица,0712,район Ясенево
2096,Производственная улица,0816,район Солнцево
2097,Производственная улица,1105,поселение Марушкинское
2098,улица Максимова,0907,район Щукино
2099,Парусный проезд,0908,район Южное Тушино
2100,Мишина улица,0213,Савёловский район
2101,1-я Квесисская улица,0213,Савёловский район
2102,Ижорский проезд,0208,Дмитровский район
2103,Канатчиковский проезд,0610,Донской район
2104,1-й Кожевнический переулок,0609,Даниловский район
2105,бульвар Энтузиастов,0107,Таганский район
2106,Машкинское шоссе,0212;0901,
2107,Тестовская улица,0106,Пресненский район
2108,Корабельная улица,0614,район Нагатинский Затон
2109,Малый Путинковский переулок,0108,Тверской район
2110,2-я Квесисская улица,0213,Савёловский район
2111,2-я улица Марьиной Рощи,0309,район Марьина Роща
2112,2-й Новоподмосковный переулок,0205,Войковский район
2113,Посланников переулок,0102,Басманный район
2114,Рижский проезд,0301,Алексеевский район
2115,2-я Филёвская улица,0818,район Филёвский Парк
2116,улица Льва Яшина,0512,район Некрасовка
2117,Композиторская улица,0101,район Арбат
2118,Мясницкий проезд,0102;0104,
2119,3-я Северная линия,0315,район Северный
2120,Яхромская улица,0208,Дмитровский район
2121,Миусская площадь,0108,Тверской район
2122,1-й Спасоналивковский переулок,0110,район Якиманка
2123,4-й Вятский переулок,0213,Савёловский район
2124,Винницкая улица,0815,район Раменки
2125,проезд Якушкина,0311,район Отрадное
2126,Сеченовский переулок,0109,район Хамовники
2127,Юрьевский переулок,0507,район Лефортово
2128,Староникольская улица,0711,район Южное Бутово
2129,Староникольская улица,1207,поселение Первомайское
2130,1-й Силикатный проезд,0906,район Хорошёво-Мнёвники
2131,3-й Угрешский проезд,0511,район Печатники
2132,улица Линии Октябрьской Железной Дороги,0215,Тимирязевский район
2133,80-й километр Московской Кольцевой Автодороги,0208,Дмитровский район
2134,Гамсоновский переулок,0609,Даниловский район
2135,улица Кожевнический Вражек,0609,Даниловский район
2136,33-й километр Московской Кольцевой Автодороги,0621,район Чертаново Южное
2137,2-й Кадашёвский переулок,0110,район Якиманка
2138,Пионерская улица,0813,район Внуково
2139,Пионерская улица,1111,поселение Щербинка
2140,Пионерская улица,1209,поселение Троицк
2141,улица Василисы Кожиной,0818,район Филёвский Парк
